id,subarea,objective,question,answer,explanation,difficulty,tags
F001,Literature & Understanding,Figurative Language,What device is used in 'Hope is the thing with feathers'?,Metaphor,Compares hope to a bird to suggest persistence and lift.,2,"{""figurative"",""metaphor""}"
F002,Genre & Craft,Narrative Structure,What is 'in medias res'?,Starting a story in the middle of action,"A narrative technique that begins in the midst of events, then uses flashbacks to provide context.",3,"{""narrative"",""structure""}"
F003,Meaning & Communication,Context Clues,What are the four types of context clues?,"Definition, Synonym, Antonym, Inference",These are the primary strategies readers use to determine word meaning from surrounding text.,2,"{""vocabulary"",""context""}"
F004,Skills & Processes,Research Evaluation,What is the CRAAP test?,"Currency, Relevance, Authority, Accuracy, Purpose",A framework for evaluating source credibility in research.,3,"{""research"",""evaluation""}"
F005,Literature & Understanding,Literary Devices,Define 'foreshadowing',Hints or clues about future events in a story,Authors use foreshadowing to build anticipation and prepare readers for later developments.,2,"{""literary-devices"",""structure""}"
F006,Literature & Understanding,Poetry Analysis,How many lines are in a Shakespearean sonnet?,"14 total, written in iambic pentameter","Shakespearean sonnets follow a strict structure of 14 lines, each written in iambic pentameter (10 syllables with an unstressed-stressed pattern).",2,"{""poetry"",""shakespeare"",""sonnet""}"
F007,Literature & Understanding,Poetry Analysis,What are the sections of a Shakespearean sonnet?,Three quatrains and one couplet,"The 14 lines are divided into three quatrains (4-line stanzas) followed by a final rhyming couplet (2 lines), creating the structure: 4-4-4-2.",2,"{""poetry"",""shakespeare"",""sonnet"",""structure""}"
F008,Literature & Understanding,Poetry Analysis,What is the 'volta' in a Shakespearean sonnet?,"The shift or 'turn' in thought, often at line 9 or 13","The volta represents a pivotal moment where the poem's argument or emotional tone shifts. In Shakespearean sonnets, it typically occurs at the beginning of the third quatrain (line 9) or in the final couplet (line 13).",3,"{""poetry"",""shakespeare"",""sonnet"",""volta""}"
F009,Literature & Understanding,Poetry Analysis,What are common themes in Shakespearean sonnets?,"Love, time, beauty, and mortality","Shakespeare's sonnets explore universal themes: romantic & platonic love, the passage of time, the nature of beauty, mortality, and deep philosophical questions about existence and meaning.",2,"{""poetry"",""shakespeare"",""sonnet"",""themes""}"
F010,Skills & Processes,Developmental Literacy,What are the stages of literacy development?,"Emergent, early, transitional, fluent, proficient","These five stages represent the progression from pre-reading (emergent) through mastery (proficient), with each stage building upon the previous one.",2,"{""literacy"",""development"",""stages""}"
F011,Skills & Processes,Developmental Literacy,What is phonemic awareness?,Hearing and manipulating individual sounds in words,"The ability to hear, identify, and manipulate individual sounds (phonemes) in spoken words. This is a critical foundational skill for reading.",2,"{""literacy"",""phonemic-awareness"",""phonology""}"
F012,Skills & Processes,Developmental Literacy,How does phonics support fluency?,Connects sounds to letters for faster decoding,"Phonics instruction connects sounds to letters, improving decoding skills and automaticity, which leads to fluent reading.",2,"{""literacy"",""phonics"",""fluency""}"
F013,Skills & Processes,Developmental Literacy,What's the difference between decoding and comprehension?,Decoding = print to sound; comprehension = making meaning,"Decoding translates printed text to sound, while comprehension involves creating meaning from that text through understanding and interpretation.",2,"{""literacy"",""decoding"",""comprehension""}"
F014,Skills & Processes,Developmental Literacy,Why is morphology important?,Helps infer word meaning through roots/prefixes/suffixes,"Understanding roots, prefixes, and suffixes supports vocabulary growth and allows readers to infer the meaning of unfamiliar words.",3,"{""literacy"",""morphology"",""vocabulary""}"
F015,Skills & Processes,Developmental Literacy,How does syntax contribute to meaning?,Structure determines emphasis and clarity,"Sentence structure affects emphasis, tone, and clarity of information, influencing how readers interpret the text.",3,"{""literacy"",""syntax"",""grammar""}"
F016,Skills & Processes,Developmental Literacy,What strategies help struggling readers?,"Explicit phonics, guided reading, fluency modeling, vocabulary support","Use explicit phonics instruction, guided reading sessions, modeled fluent reading, and vocabulary scaffolds to support struggling readers.",2,"{""literacy"",""intervention"",""teaching-strategies""}"
F017,Skills & Processes,Developmental Literacy,What is metacognition?,Awareness and regulation of one's own thinking,Thinking about one's own thinking—monitoring and adjusting comprehension strategies while reading.,3,"{""literacy"",""metacognition"",""comprehension""}"
F018,Skills & Processes,Developmental Literacy,Why is background knowledge essential?,Enables connection and deeper understanding,"Prior knowledge connects new information to existing understanding, providing context and aiding comprehension.",2,"{""literacy"",""schema"",""comprehension""}"
F019,Skills & Processes,Developmental Literacy,What's the role of assessment?,"Diagnose needs, guide instruction, measure growth","Assessment identifies student strengths and needs, guiding targeted interventions and measuring progress over time.",2,"{""literacy"",""assessment"",""evaluation""}"
F020,Meaning & Communication,Language Functions in Context,What does 'language register' mean?,"The level of formality or style used depending on context, audience, and purpose","Language register refers to how speakers and writers adjust their language formality based on the social situation, audience, and communicative purpose.",2,"{""communication"",""register"",""context""}"
F021,Meaning & Communication,Language Functions in Context,What is 'code-switching'?,Shifting between language varieties or dialects based on audience or situation,"Code-switching demonstrates linguistic flexibility, allowing speakers to adapt their language to different social contexts and audiences.",2,"{""communication"",""code-switching"",""sociolinguistics""}"
F022,Meaning & Communication,Language Functions in Context,What are pragmatics?,The study of how context influences meaning in communication,"Pragmatics examines how situational context, speaker intent, and social relationships affect the interpretation of language.",3,"{""communication"",""pragmatics"",""linguistics""}"
F023,Meaning & Communication,Language Functions in Context,What is connotation?,The emotional or cultural associations attached to a word beyond its literal meaning,"Connotation adds layers of meaning to words, reflecting cultural values, emotions, and social attitudes beyond dictionary definitions.",2,"{""communication"",""connotation"",""semantics""}"
F024,Meaning & Communication,Language Functions in Context,What's the difference between denotation and connotation?,Denotation is literal meaning; connotation adds emotional or cultural nuance,"Denotation provides the dictionary definition, while connotation includes the feelings, associations, and cultural meanings attached to words.",2,"{""communication"",""denotation"",""connotation""}"
F025,Meaning & Communication,Effective Communication,What are the main components of communication?,"Sender, message, medium, receiver, feedback, and context","Effective communication requires all six components working together: someone sending a message through a medium to a receiver, with feedback occurring within a specific context.",2,"{""communication"",""components"",""process""}"
F026,Meaning & Communication,Effective Communication,What makes communication effective?,"Clarity, conciseness, coherence, and audience awareness","Effective communication requires clear expression, brevity without sacrificing meaning, logical organization, and adaptation to the audience's needs and knowledge.",2,"{""communication"",""effectiveness"",""principles""}"
F027,Meaning & Communication,Effective Communication,What is tone in communication?,The speaker's attitude toward the subject or audience,"Tone conveys the speaker's feelings, perspective, and relationship to both the topic and the audience through word choice, syntax, and delivery.",2,"{""communication"",""tone"",""attitude""}"
F028,Meaning & Communication,Effective Communication,What does active listening involve?,"Engaging with, reflecting, and responding thoughtfully to a speaker","Active listening requires full attention, understanding the speaker's message, providing feedback, and responding in ways that demonstrate comprehension.",2,"{""communication"",""listening"",""engagement""}"
F029,Meaning & Communication,Effective Communication,Why is nonverbal communication important?,"It reinforces or contradicts spoken messages, adding depth to meaning","Nonverbal cues like body language, facial expressions, and tone of voice can support, emphasize, or even contradict verbal communication, providing additional context.",2,"{""communication"",""nonverbal"",""body-language""}"
F030,Literature & Understanding,Literary Elements and Devices,What are common elements of fiction?,"Plot, character, setting, theme, and conflict","These five essential elements work together to create a complete fictional narrative, each contributing to the story's meaning and impact.",2,"{""literature"",""fiction"",""elements""}"
F031,Literature & Understanding,Literary Elements and Devices,What is symbolism?,The use of objects or actions to represent deeper meanings,"Symbolism allows authors to convey complex ideas and themes through concrete images, adding layers of meaning to their work.",2,"{""literature"",""symbolism"",""devices""}"
F032,Literature & Understanding,Literary Elements and Devices,What is irony?,"A contrast between appearance and reality, expectation and outcome","Irony creates meaning through contradiction, whether between what's said and meant (verbal), expected and actual (situational), or known by the audience versus characters (dramatic).",3,"{""literature"",""irony"",""devices""}"
F033,Literature & Understanding,Literary Elements and Devices,What is point of view?,"The perspective from which a story is told (first, second, third person)","Point of view determines whose eyes the reader sees through, affecting what information is revealed and how the story is interpreted.",2,"{""literature"",""point-of-view"",""perspective""}"
F034,Literature & Understanding,Literary Elements and Devices,What is theme?,The central idea or message underlying a literary work,"Theme represents the universal truth or insight about life that the author explores through characters, plot, and other literary elements.",2,"{""literature"",""theme"",""meaning""}"
F035,Genre & Craft,Writing Techniques,What is diction?,The author's choice of words to create tone and meaning,"Diction encompasses vocabulary selection, including formal versus informal language, concrete versus abstract words, and the level of complexity chosen to suit purpose and audience.",2,"{""writing"",""diction"",""word-choice""}"
F036,Genre & Craft,Writing Techniques,What is syntax in writing?,The arrangement of words and phrases to create effective sentences,"Syntax involves sentence structure choices that affect rhythm, emphasis, and clarity, from simple to complex constructions.",3,"{""writing"",""syntax"",""structure""}"
F037,Genre & Craft,Writing Techniques,What is voice in writing?,The unique personality and style that comes through the text,"Voice reflects the writer's individual perspective, attitude, and stylistic choices, making their work distinctive and recognizable.",2,"{""writing"",""voice"",""style""}"
F038,Genre & Craft,Writing Techniques,What's the purpose of imagery?,To appeal to the reader's senses and create vivid experiences,"Imagery uses descriptive language that engages sight, sound, touch, taste, and smell to make writing more concrete and memorable.",2,"{""writing"",""imagery"",""sensory""}"
F039,Genre & Craft,Writing Techniques,What is tone in writing?,The author's attitude toward the subject or audience,"Tone is created through diction, syntax, and stylistic choices that reveal how the author feels about the topic and shapes how readers respond.",2,"{""writing"",""tone"",""attitude""}"
F040,Literature & Understanding,Literary Analysis,What is theme in literature?,The central idea or universal truth in a literary work,Theme is the underlying message or insight about life that the author explores through all elements of the story.,2,"{""literature"",""theme"",""meaning""}"
F041,Literature & Understanding,Literary Analysis,What's the difference between plot and theme?,Plot is what happens; theme is what it means,"Plot provides the sequence of events, while theme reveals the deeper significance or message behind those events.",2,"{""literature"",""plot"",""theme""}"
F042,Literature & Understanding,Literary Analysis,What is characterization?,"How an author develops a character through actions, dialogue, and description","Characterization can be direct (telling) or indirect (showing through behavior, speech, thoughts, and interactions).",2,"{""literature"",""characterization"",""character""}"
F043,Literature & Understanding,Literary Analysis,What is point of view in literature?,"The perspective from which a story is told (first, second, or third person)",Point of view determines what information readers access and how they experience the story's events.,2,"{""literature"",""point-of-view"",""narration""}"
F044,Literature & Understanding,Literary Analysis,What is a motif?,"A recurring symbol, image, or idea that reinforces theme","Motifs appear repeatedly throughout a work, creating patterns of meaning that support and develop the central theme.",3,"{""literature"",""motif"",""symbolism""}"
F045,Literature & Understanding,Literary Analysis,What is tone in literature?,The author's attitude toward the subject or audience,"Tone is conveyed through word choice, sentence structure, and stylistic decisions that reveal the author's perspective.",2,"{""literature"",""tone"",""attitude""}"
F046,Literature & Understanding,Literary Analysis,What is mood in literature?,The emotional atmosphere experienced by the reader,"Mood is the feeling created in the reader through setting, imagery, and language choices.",2,"{""literature"",""mood"",""atmosphere""}"
F047,Literature & Understanding,Literary Analysis,What is imagery?,Descriptive language appealing to the five senses,"Imagery creates vivid mental pictures and sensory experiences through language that engages sight, sound, touch, taste, and smell.",2,"{""literature"",""imagery"",""sensory""}"
F048,Literature & Understanding,Literary Analysis,What is an allegory?,A story with both literal and symbolic meaning,"In allegory, characters, events, and settings represent abstract ideas or moral qualities, creating dual levels of meaning.",3,"{""literature"",""allegory"",""symbolism""}"
F049,Literature & Understanding,Literary Analysis,What is foreshadowing?,Clues or hints about what will happen later in the story,Foreshadowing creates anticipation and suspense while preparing readers for future plot developments.,2,"{""literature"",""foreshadowing"",""technique""}"
F050,Literature & Understanding,Literary Analysis,What is conflict in literature?,The struggle between opposing forces that drives the plot and reveals character growth,"Conflict can be internal (within a character) or external (between characters, or character vs. nature/society), and provides the story's central tension.",2,"{""literature"",""conflict"",""plot""}"
F051,Literature & Understanding,Literary Analysis,What is diction in literature?,Word choice used to create tone and meaning,"Diction includes the level of formality, connotation, and precision of words selected to achieve specific effects.",2,"{""literature"",""diction"",""word-choice""}"
F052,Literature & Understanding,Literary Analysis,What is irony in literature?,"A contrast between appearance and reality, or expectation and outcome","Irony includes verbal (saying the opposite of what's meant), situational (unexpected outcomes), and dramatic (audience knows more than characters).",3,"{""literature"",""irony"",""technique""}"
F053,Literature & Understanding,Literary Analysis,What is symbolism in literature?,Using objects or events to represent abstract ideas,"Symbols carry meaning beyond their literal significance, adding depth and layers of interpretation to the text.",2,"{""literature"",""symbolism"",""meaning""}"
F054,Skills & Processes,Teaching and Assessment,What is phonological awareness?,"Recognizing and manipulating sounds in spoken language, including rhyme and syllables","Phonological awareness is a foundational literacy skill that includes identifying and working with sounds at the word, syllable, and phoneme levels.",2,"{""literacy"",""phonological-awareness"",""reading""}"
F055,Skills & Processes,Teaching and Assessment,What's the difference between formative and summative assessment?,Formative happens during learning to guide instruction; summative measures learning at the end,"Formative assessments inform ongoing teaching decisions, while summative assessments evaluate overall achievement after instruction concludes.",2,"{""assessment"",""formative"",""summative""}"
F056,Skills & Processes,Teaching and Assessment,What are rubrics used for?,Define expectations and scoring criteria for consistent grading,"Rubrics provide clear standards and descriptions of performance levels, ensuring fair and transparent evaluation.",2,"{""assessment"",""rubrics"",""evaluation""}"
F057,Skills & Processes,Teaching and Assessment,What is scaffolding in education?,Providing temporary support to help students master new skills independently,"Scaffolding gradually releases responsibility to students as they develop competence, like training wheels on a bicycle.",2,"{""instruction"",""scaffolding"",""support""}"
F058,Skills & Processes,Teaching and Assessment,What are reading conferences?,"Discussing a student's progress, reading habits, and comprehension strategies","Reading conferences provide individualized opportunities to assess understanding, set goals, and provide targeted support.",2,"{""literacy"",""conferences"",""assessment""}"
F059,Skills & Processes,Teaching and Assessment,What is fluency in reading?,"Reading with accuracy, rate, and expression","Fluency bridges decoding and comprehension, allowing readers to focus on meaning rather than word-by-word processing.",2,"{""literacy"",""fluency"",""reading""}"
F060,Skills & Processes,Teaching and Assessment,What is metacognition in learning?,"Thinking about one's own thinking—planning, monitoring, and evaluating understanding","Metacognition enables students to become self-aware, strategic learners who can adjust their approaches when needed.",3,"{""learning"",""metacognition"",""thinking""}"
F061,Skills & Processes,Teaching and Assessment,What is peer review?,Students giving constructive feedback on each other's writing,Peer review develops critical reading skills and helps writers see their work from a reader's perspective.,2,"{""writing"",""peer-review"",""feedback""}"
F062,Skills & Processes,Teaching and Assessment,What are the stages of the writing process?,"Prewriting, drafting, revising, editing, and publishing","The writing process is recursive, with writers moving between stages as they develop and refine their work.",2,"{""writing"",""process"",""stages""}"
F063,Skills & Processes,Teaching and Assessment,What is differentiated instruction?,Adjusting teaching methods to meet diverse student needs,"Differentiation involves varying content, process, product, or learning environment based on student readiness, interests, and learning profiles.",2,"{""instruction"",""differentiation"",""teaching""}"
F301,Genre & Craft,Rhetorical Devices and Craft Techniques,What is Alliteration?,Repetition of initial consonant sounds,Alliteration is the repetition of initial consonant sounds in neighboring words. Example: 'Peter Piper picked a peck of pickled peppers.' It creates rhythm and emphasizes certain words.,1,"{""rhetoric"",""sound"",""alliteration""}"
F302,Genre & Craft,Rhetorical Devices and Craft Techniques,What is Assonance?,Repetition of vowel sounds within words,Assonance is the repetition of vowel sounds within words. Example: 'The rain in Spain falls mainly on the plain.' It creates internal rhyme and musicality.,1,"{""rhetoric"",""sound"",""assonance""}"
F303,Genre & Craft,Rhetorical Devices and Craft Techniques,What is Consonance?,Repetition of consonant sounds at the end or middle of words,"Consonance is the repetition of consonant sounds at the end or middle of words, creating a pleasing auditory effect. Example: 'blank and think.'",1,"{""rhetoric"",""sound"",""consonance""}"
F304,Genre & Craft,Rhetorical Devices and Craft Techniques,What is Anaphora?,Repetition of a word or phrase at the beginning of successive clauses,Anaphora is a rhetorical device where words are repeated at the beginning of successive clauses for emphasis. Example: MLK's 'I have a dream' speech repeatedly uses this phrase.,2,"{""rhetoric"",""repetition"",""anaphora""}"
F305,Genre & Craft,Rhetorical Devices and Craft Techniques,What is Epistrophe?,Repetition of words at the end of successive clauses,"Epistrophe repeats words at the end of successive clauses or sentences for rhetorical effect. Example: 'government of the people, by the people, for the people.'",2,"{""rhetoric"",""repetition"",""epistrophe""}"
F306,Genre & Craft,Rhetorical Devices and Craft Techniques,What is Parallelism?,Using similar grammatical structures in a series for rhythm and balance,"Parallelism uses similar grammatical structures to create balance, rhythm, and emphasis. Example: 'I came, I saw, I conquered.' It makes writing more memorable and persuasive.",2,"{""rhetoric"",""structure"",""parallelism""}"
F307,Genre & Craft,Rhetorical Devices and Craft Techniques,What is Antithesis?,Juxtaposition of contrasting ideas in balanced phrases,"Antithesis places contrasting ideas in parallel structures to emphasize opposition. Example: 'It was the best of times, it was the worst of times.' Creates dramatic contrast.",2,"{""rhetoric"",""contrast"",""antithesis""}"
F308,Genre & Craft,Rhetorical Devices and Craft Techniques,What is Chiasmus?,Inverted parallelism,Chiasmus reverses the structure of parallel phrases for memorable effect. Example: JFK's 'Ask not what your country can do for you—ask what you can do for your country.',3,"{""rhetoric"",""structure"",""chiasmus""}"
F309,Genre & Craft,Rhetorical Devices and Craft Techniques,What is a Metaphor?,Direct comparison between two unlike things without 'like' or 'as',A metaphor makes a direct comparison between two unlike things to create vivid imagery. Example: 'Time is a thief.' It implies shared qualities without explicit comparison words.,1,"{""figurative"",""metaphor"",""comparison""}"
F310,Genre & Craft,Rhetorical Devices and Craft Techniques,What is a Simile?,Comparison using 'like' or 'as',A simile explicitly compares two unlike things using 'like' or 'as.' Example: 'Her eyes sparkled like diamonds.' Creates vivid imagery through direct comparison.,1,"{""figurative"",""simile"",""comparison""}"
F311,Genre & Craft,Rhetorical Devices and Craft Techniques,What is Personification?,Giving human qualities to non-human things,"Personification attributes human characteristics to animals, objects, or abstract concepts. Example: 'The wind whispered through the trees.' Makes writing more relatable and vivid.",1,"{""figurative"",""personification""}"
F312,Genre & Craft,Rhetorical Devices and Craft Techniques,What is Hyperbole?,Deliberate exaggeration for emphasis or humor,Hyperbole uses extreme exaggeration to emphasize a point or create humor. Example: 'I've told you a million times!' Not meant to be taken literally.,1,"{""figurative"",""hyperbole"",""exaggeration""}"
F313,Genre & Craft,Rhetorical Devices and Craft Techniques,What is Understatement?,Deliberately downplaying significance for irony,"Understatement minimizes the importance of something, often for ironic or humorous effect. Example: Calling a hurricane 'a bit of bad weather.' Creates subtle emphasis through minimization.",2,"{""rhetoric"",""understatement"",""irony""}"
F314,Genre & Craft,Rhetorical Devices and Craft Techniques,What is an Oxymoron?,Two contradictory words combined,"An oxymoron combines contradictory terms for rhetorical effect. Examples: 'bittersweet,' 'jumbo shrimp,' 'deafening silence.' Creates tension and emphasizes complexity.",2,"{""rhetoric"",""oxymoron"",""contradiction""}"
F315,Genre & Craft,Rhetorical Devices and Craft Techniques,What is a Paradox?,A statement that seems contradictory yet reveals truth,"A paradox presents an apparent contradiction that reveals deeper truth upon reflection. Example: 'The more you learn, the less you know.' Encourages critical thinking.",2,"{""rhetoric"",""paradox"",""logic""}"
F316,Genre & Craft,Rhetorical Devices and Craft Techniques,What is a Euphemism?,Mild term replacing a harsh one,A euphemism substitutes a mild or indirect expression for something unpleasant or embarrassing. Example: 'passed away' instead of 'died.' Softens harsh realities.,1,"{""rhetoric"",""euphemism"",""diction""}"
F317,Genre & Craft,Rhetorical Devices and Craft Techniques,What is Litotes?,Affirmation through negation,Litotes affirms something by denying its opposite. Example: 'not bad' means 'good.' Creates emphasis through understatement and irony.,2,"{""rhetoric"",""litotes"",""irony""}"
F318,Genre & Craft,Rhetorical Devices and Craft Techniques,What is a Rhetorical Question?,"Question asked for effect, not an answer",A rhetorical question is posed for persuasive effect rather than to elicit an answer. Example: 'Is the Pope Catholic?' Engages audience and emphasizes a point.,1,"{""rhetoric"",""question"",""persuasion""}"
F319,Genre & Craft,Rhetorical Devices and Craft Techniques,What is Apostrophe?,Addressing an absent person or abstract idea directly,"Apostrophe directly addresses someone absent or something non-human as if present. Example: 'O Death, where is thy sting?' Creates dramatic intensity.",2,"{""rhetoric"",""apostrophe"",""address""}"
F320,Genre & Craft,Rhetorical Devices and Craft Techniques,What is Synecdoche?,Using a part to represent the whole,"Synecdoche uses a part to represent the whole or vice versa. Example: 'All hands on deck' (hands = sailors). Creates compact, vivid language.",2,"{""figurative"",""synecdoche"",""substitution""}"
F321,Genre & Craft,Rhetorical Devices and Craft Techniques,What is Metonymy?,Substituting an associated word for the thing itself,"Metonymy replaces something with a word closely associated with it. Example: 'The crown' for monarchy, 'The White House' for the President. Creates efficient reference.",2,"{""figurative"",""metonymy"",""substitution""}"
F322,Genre & Craft,Rhetorical Devices and Craft Techniques,What is Irony?,Contrast between expectation and reality,"Irony occurs when there's a discrepancy between appearance and reality, expectation and outcome. Types include verbal, situational, and dramatic irony. Creates layers of meaning.",2,"{""rhetoric"",""irony"",""contrast""}"
F323,Genre & Craft,Rhetorical Devices and Craft Techniques,What is Juxtaposition?,Placing two elements side by side to emphasize contrast,Juxtaposition places contrasting elements near each other to highlight differences. Example: placing love and hate scenes adjacent. Emphasizes through contrast.,2,"{""rhetoric"",""juxtaposition"",""contrast""}"
F324,Genre & Craft,Rhetorical Devices and Craft Techniques,What is Tone?,Author's attitude toward the subject or audience,"Tone reflects the author's attitude, revealed through word choice, sentence structure, and details. Examples: formal, informal, ironic, optimistic. Shapes reader's response.",1,"{""craft"",""tone"",""style""}"
F325,Genre & Craft,Rhetorical Devices and Craft Techniques,What is Diction?,Writer's choice of words to create tone and meaning,"Diction refers to word choice and vocabulary level. It can be formal, informal, colloquial, or technical. Diction directly shapes tone, mood, and clarity.",1,"{""craft"",""diction"",""style""}"
F101,Meaning & Communication,"Language Development, Second Language Acquisition, and Word Formation",What is Second Language Acquisition (SLA)?,The process by which individuals learn a language other than their native one,"Second Language Acquisition (SLA) refers to the systematic process through which people learn a language beyond their first/native language. It involves cognitive, social, and educational factors.",2,"{""SLA"",""language"",""acquisition""}"
F102,Meaning & Communication,"Language Development, Second Language Acquisition, and Word Formation",What is the Input Hypothesis?,Krashen's idea that learners acquire language best when exposed to comprehensible input slightly above their current level (i+1),Stephen Krashen's Input Hypothesis suggests learners progress by receiving 'comprehensible input' that is just beyond their current competence level (i+1). This challenges them without overwhelming them.,3,"{""Krashen"",""input"",""hypothesis"",""SLA""}"
F103,Meaning & Communication,"Language Development, Second Language Acquisition, and Word Formation",What is the Affective Filter?,Krashen's concept that anxiety or low motivation can block language input from being acquired,"The Affective Filter is a metaphorical barrier: when learners are anxious, unmotivated, or lack confidence, they cannot process language input effectively. Lowering this filter enhances acquisition.",2,"{""Krashen"",""affective filter"",""motivation"",""anxiety""}"
F104,Meaning & Communication,"Language Development, Second Language Acquisition, and Word Formation",What is the Natural Order Hypothesis?,"Language structures are learned in a predictable sequence, not necessarily through formal instruction","This hypothesis states that grammatical structures are acquired in a natural, predictable order regardless of explicit teaching. Learners follow similar developmental sequences.",2,"{""natural order"",""grammar"",""acquisition"",""Krashen""}"
F105,Meaning & Communication,"Language Development, Second Language Acquisition, and Word Formation",What is Communicative Competence?,"The ability to use language appropriately in social contexts, not just knowing grammar","Communicative Competence goes beyond grammatical knowledge to include sociolinguistic, discourse, and strategic competence—knowing when, how, and why to use language in real situations.",2,"{""communicative competence"",""pragmatics"",""social language""}"
F106,Meaning & Communication,"Language Development, Second Language Acquisition, and Word Formation",What is Scaffolding in language learning?,Temporary instructional support helping students reach higher levels of understanding,"Scaffolding provides structured support (e.g., sentence frames, graphic organizers, modeling) that helps learners perform tasks they couldn't do independently, gradually removing support as competence grows.",1,"{""scaffolding"",""support"",""instruction"",""Vygotsky""}"
F107,Meaning & Communication,"Language Development, Second Language Acquisition, and Word Formation",What is Modeling in language instruction?,Demonstrating correct language use before expecting students to use it independently,"Modeling involves the teacher showing students how to perform a language task (e.g., pronouncing words, structuring sentences) so students have a clear example to follow.",1,"{""modeling"",""demonstration"",""instruction""}"
F108,Meaning & Communication,"Language Development, Second Language Acquisition, and Word Formation",What is Total Physical Response (TPR)?,Teaching method pairing language input with physical movement to aid comprehension,"TPR, developed by James Asher, uses physical actions to reinforce language meaning. For example, students perform actions (stand, sit, jump) as the teacher gives commands, enhancing comprehension through kinesthetic learning.",2,"{""TPR"",""movement"",""comprehension"",""teaching method""}"
F109,Meaning & Communication,"Language Development, Second Language Acquisition, and Word Formation",What is Wait Time in language teaching?,Pausing after asking a question so language learners can process and formulate a response,"Wait Time (typically 3-5 seconds) gives ELLs and all students time to think, translate internally if needed, and construct responses, leading to more thoughtful and accurate answers.",1,"{""wait time"",""questioning"",""ELL"",""strategy""}"
F110,Meaning & Communication,"Language Development, Second Language Acquisition, and Word Formation",What are BICS and CALP?,Basic Interpersonal Communication Skills (social) vs. Cognitive Academic Language Proficiency (academic),"BICS refers to everyday conversational language (1-2 years to develop), while CALP is the academic language needed for school success (5-7 years). Teachers must support both.",2,"{""BICS"",""CALP"",""Cummins"",""academic language""}"
F111,Meaning & Communication,"Language Development, Second Language Acquisition, and Word Formation",What is Code-Switching?,Alternating between languages or dialects depending on context or audience,"Code-Switching is a natural linguistic practice where bilingual speakers shift between languages within conversations, often to express identity, clarify meaning, or match social contexts.",2,"{""code-switching"",""bilingualism"",""sociolinguistics""}"
F112,Meaning & Communication,"Language Development, Second Language Acquisition, and Word Formation",What is Language Transfer?,Influence of a learner's first language on learning a second language,"Language Transfer occurs when features of a learner's native language (phonology, syntax, vocabulary) affect how they produce or understand the target language. It can be positive or negative.",2,"{""transfer"",""L1"",""L2"",""interference""}"
F113,Meaning & Communication,"Language Development, Second Language Acquisition, and Word Formation",What are Cognates?,Words in two languages with similar meaning and form,"Cognates are words that share common etymological roots across languages, like 'information' (English) and 'información' (Spanish). They help ELLs make connections and build vocabulary.",1,"{""cognates"",""vocabulary"",""Spanish"",""transfer""}"
F114,Meaning & Communication,"Language Development, Second Language Acquisition, and Word Formation",What are False Cognates?,Words that look similar across languages but differ in meaning,False Cognates (or 'false friends') can mislead learners. Example: 'actual' means 'real' in English but 'actualmente' means 'currently' in Spanish. Teachers should explicitly address these.,2,"{""false cognates"",""vocabulary"",""confusion""}"
F115,Meaning & Communication,"Language Development, Second Language Acquisition, and Word Formation",What is an Affix?,A morpheme attached to a word stem to change meaning or function,Affixes include prefixes (added before the root) and suffixes (added after). They modify word meaning (happy → unhappy) or grammatical function (teach → teacher).,1,"{""affix"",""morphology"",""prefix"",""suffix""}"
F116,Meaning & Communication,"Language Development, Second Language Acquisition, and Word Formation",What is a Suffix?,An affix added at the end of a root word to change its form or function,"Suffixes modify word class or meaning: '-ness' creates nouns (happiness), '-ed' indicates past tense (walked). Understanding suffixes aids decoding and vocabulary growth.",1,"{""suffix"",""morphology"",""word formation""}"
F117,Meaning & Communication,"Language Development, Second Language Acquisition, and Word Formation",What is a Noun Suffix?,Turns verbs or adjectives into nouns,"Common noun suffixes include -ness (kindness), -tion (action), -ment (development). They allow students to derive meanings and expand vocabulary from known roots.",1,"{""noun suffix"",""morphology"",""word class""}"
F118,Meaning & Communication,"Language Development, Second Language Acquisition, and Word Formation",What is a Verb Suffix?,Turns nouns or adjectives into verbs,"Verb suffixes like -ize (modernize), -en (strengthen), -ify (clarify) create verbs from other parts of speech, helping students understand word relationships.",1,"{""verb suffix"",""morphology"",""word formation""}"
F119,Meaning & Communication,"Language Development, Second Language Acquisition, and Word Formation",What is an Adjectival Suffix?,Creates adjectives from nouns or verbs,"Adjectival suffixes include -ful (beautiful), -ous (dangerous), -able (readable). They enable students to describe and modify nouns, enriching expression.",1,"{""adjectival suffix"",""adjective"",""morphology""}"
F120,Meaning & Communication,"Language Development, Second Language Acquisition, and Word Formation",What is a Derivational Morpheme?,Morpheme that changes a word's part of speech or meaning,Derivational morphemes create new words: 'happy' (adjective) + '-ness' = 'happiness' (noun). They alter core meaning or grammatical category.,2,"{""derivational"",""morpheme"",""word class"",""morphology""}"
F121,Meaning & Communication,"Language Development, Second Language Acquisition, and Word Formation",What is an Inflectional Morpheme?,Morpheme that indicates grammatical change without altering meaning,"Inflectional morphemes signal tense (-ed), number (-s), or comparison (-er, -est) without changing word class: 'walk' vs. 'walked' are both verbs.",2,"{""inflectional"",""morpheme"",""grammar"",""morphology""}"
F122,Meaning & Communication,"Language Development, Second Language Acquisition, and Word Formation",What is Language Immersion?,An approach where learners are surrounded by and use the target language for all communication,"Immersion programs teach content subjects in the target language, creating authentic contexts for acquisition. Students learn language through meaningful use rather than isolated drills.",2,"{""immersion"",""bilingual"",""acquisition"",""pedagogy""}"
F123,Meaning & Communication,"Language Development, Second Language Acquisition, and Word Formation",What is Translanguaging?,Using multiple languages fluidly to make meaning and communicate effectively,"Translanguaging views bilingualism as a dynamic resource: students draw on all their linguistic repertoires to learn, think, and express themselves, rather than keeping languages separate.",2,"{""translanguaging"",""bilingualism"",""multilingualism""}"
F124,Meaning & Communication,"Language Development, Second Language Acquisition, and Word Formation",What is Metalinguistic Awareness?,The ability to think about and manipulate language structures consciously,"Metalinguistic Awareness allows learners to analyze language as an object—recognizing rhyme, syllables, word parts, and grammatical patterns. It's crucial for reading and writing development.",3,"{""metalinguistic"",""awareness"",""language analysis""}"
F125,Meaning & Communication,"Language Development, Second Language Acquisition, and Word Formation",What are Language Development Strategies?,"Teacher techniques such as modeling, sentence frames, visuals, and collaborative talk to strengthen student language skills","Effective strategies include modeling, wait time, scaffolding, visual aids, collaborative discussions, and explicit vocabulary instruction. These support both BICS and CALP development.",2,"{""strategies"",""instruction"",""ELL"",""pedagogy""}"
F126,Meaning & Communication,"Development of English Language, Borrowings, and Regional Variation",What is Old English (450–1100 CE)?,"The earliest form of English, heavily influenced by Germanic tribes","Old English was spoken by the Angles, Saxons, and Jutes who settled in Britain. It's very different from Modern English, with complex inflections and Germanic vocabulary. Example text: Beowulf.",2,"{""Old English"",""history"",""Germanic""}"
F127,Meaning & Communication,"Development of English Language, Borrowings, and Regional Variation",What is Middle English (1100–1500 CE)?,English after the Norman Conquest with French and Latin influences,"The Norman Conquest (1066) brought French-speaking rulers to England. Thousands of French words entered English, especially in law, government, and cuisine. Example: Chaucer's Canterbury Tales.",2,"{""Middle English"",""Norman Conquest"",""French influence""}"
F128,Meaning & Communication,"Development of English Language, Borrowings, and Regional Variation",What is Early Modern English (1500–1800 CE)?,English during the Renaissance and Shakespeare era with emerging standardization,"This period saw the printing press, increased literacy, and Shakespeare's contributions. Grammar and spelling began to standardize. The King James Bible (1611) also influenced the language significantly.",2,"{""Early Modern English"",""Shakespeare"",""Renaissance""}"
F129,Meaning & Communication,"Development of English Language, Borrowings, and Regional Variation",What is The Great Vowel Shift?,A major phonological change between 1400–1600 that altered vowel pronunciation,"The Great Vowel Shift changed how long vowels were pronounced, creating differences between spelling and pronunciation. This explains why English spelling often doesn't match pronunciation (e.g., 'meat' vs. 'great').",3,"{""Great Vowel Shift"",""phonology"",""pronunciation""}"
F130,Meaning & Communication,"Development of English Language, Borrowings, and Regional Variation",What is a Loanword?,A word adopted from another language without translation,"English has borrowed extensively from other languages. Examples: 'piano' (Italian), 'café' (French), 'kindergarten' (German), 'safari' (Swahili). Loanwords enrich vocabulary.",1,"{""loanword"",""borrowing"",""vocabulary""}"
F131,Meaning & Communication,"Development of English Language, Borrowings, and Regional Variation",What is a Calque?,A word or phrase borrowed by literal translation,"Calques translate elements from another language. Examples: 'skyscraper' (from French 'gratte-ciel'), 'flea market' (from French 'marché aux puces'). The structure is borrowed, not the words themselves.",2,"{""calque"",""translation"",""borrowing""}"
F132,Meaning & Communication,"Development of English Language, Borrowings, and Regional Variation",What is Etymology?,The study of word origins and how meanings have changed over time,"Etymology traces words back to their roots, revealing historical connections and semantic shifts. For example, 'nice' originally meant 'foolish' (from Latin 'nescius' = ignorant), but meanings evolved over centuries.",1,"{""etymology"",""word origins"",""history""}"
F133,Meaning & Communication,"Development of English Language, Borrowings, and Regional Variation",What is a Pidgin?,A simplified blend of languages used for communication between groups,Pidgins develop when groups need to communicate but don't share a language. They have simplified grammar and limited vocabulary. Example: Tok Pisin in Papua New Guinea. No native speakers—it's learned as a second language.,2,"{""pidgin"",""contact language"",""sociolinguistics""}"
F134,Meaning & Communication,"Development of English Language, Borrowings, and Regional Variation",What is a Creole?,"A stable, fully developed language that evolves from a pidgin","When a pidgin gains native speakers (usually children), it expands in complexity and becomes a creole. Example: Haitian Creole, Gullah. Creoles have full grammatical systems and can express any meaning.",2,"{""creole"",""language development"",""sociolinguistics""}"
F135,Meaning & Communication,"Development of English Language, Borrowings, and Regional Variation",What is a Dialect?,A regional or social variety of a language with distinct features,"Dialects vary in pronunciation, grammar, and vocabulary. Examples: Southern American English, British Received Pronunciation, African American Vernacular English (AAVE). All dialects are linguistically valid and rule-governed.",1,"{""dialect"",""variation"",""regional language""}"
F136,Meaning & Communication,"Development of English Language, Borrowings, and Regional Variation",What is an Idiolect?,An individual's unique pattern of speech and language use,"Everyone has an idiolect shaped by region, social group, age, experiences, and personal preferences. Your idiolect includes your vocabulary choices, pronunciation patterns, and favorite expressions.",2,"{""idiolect"",""individual speech"",""variation""}"
F137,Meaning & Communication,"Development of English Language, Borrowings, and Regional Variation",What is a Sociolect?,A language variety associated with a particular social group or class,"Sociolects reflect social identity, class, education, or profession. Examples include academic language, legal jargon, or working-class speech patterns. Like dialects, sociolects are systematic and meaningful.",2,"{""sociolect"",""social variation"",""class""}"
F138,Meaning & Communication,"Development of English Language, Borrowings, and Regional Variation",What is Slang?,Informal language used to establish identity or express novelty,"Slang is often generational, regional, or group-specific. It evolves rapidly and may not be understood outside the group. Examples: 'cool' (good), 'ghosting' (ignoring someone). Slang reflects cultural trends.",1,"{""slang"",""informal language"",""identity""}"
F139,Meaning & Communication,"Development of English Language, Borrowings, and Regional Variation",What is Standard American English (SAE)?,The form of English considered most acceptable in formal contexts,"SAE is the variety taught in schools and used in formal writing, news media, and professional settings. It's not inherently 'better' than other dialects, but it carries social prestige and institutional power.",2,"{""Standard English"",""formal language"",""prestige""}"
F201,Literature & Understanding,"Language Acquisition, Transfer, and Cross-Curricular Language Development",What is Language Acquisition?,The unconscious process by which humans naturally acquire language through interaction and exposure,"Language Acquisition happens naturally as children interact with caregivers and their environment. Unlike learning (conscious study), acquisition is implicit and automatic. Example: Babies acquiring their first language without formal instruction.",1,"{""language acquisition"",""natural learning"",""development""}"
F202,Literature & Understanding,"Language Acquisition, Transfer, and Cross-Curricular Language Development",What is Language Learning?,"The conscious study of language rules and structure, often in formal classroom settings","Language Learning involves explicit instruction, memorization, and conscious attention to rules. Example: Studying grammar or vocabulary lists. Krashen distinguishes this from natural acquisition.",1,"{""language learning"",""formal instruction"",""conscious study""}"
F203,Literature & Understanding,"Language Acquisition, Transfer, and Cross-Curricular Language Development",What is the Critical Period Hypothesis?,Proposes that language acquisition is most efficient during early childhood before neural plasticity declines,"This hypothesis suggests there's a biological window (roughly birth to puberty) when language acquisition is easiest. After this period, learning new languages becomes more difficult due to decreased brain plasticity.",2,"{""critical period"",""brain development"",""age factors""}"
F204,Literature & Understanding,"Language Acquisition, Transfer, and Cross-Curricular Language Development",What is Overgeneralization?,A developmental stage when children apply a learned rule too broadly,"Overgeneralization shows children are learning language rules, not just memorizing. Example: 'goed' instead of 'went' applies the regular past tense rule (-ed) to an irregular verb. This is a normal, productive stage of acquisition.",2,"{""overgeneralization"",""child development"",""grammar rules""}"
F205,Literature & Understanding,"Language Acquisition, Transfer, and Cross-Curricular Language Development",What is Telegraphic Speech?,Early child speech using essential words only,"Telegraphic Speech omits function words (articles, prepositions) and uses content words: 'Want cookie,' 'Daddy go.' Named after telegrams which charged per word. Typical around 18-24 months.",1,"{""telegraphic speech"",""early language"",""child development""}"
F206,Literature & Understanding,"Language Acquisition, Transfer, and Cross-Curricular Language Development",What is Interactionist Theory?,Emphasizes that language develops through social interaction and communication with caregivers,"Interactionist Theory combines biological readiness with social necessity. Language emerges through meaningful interaction, not just exposure. Caregivers' responsive communication supports language growth.",2,"{""interactionist"",""social learning"",""interaction""}"
F207,Literature & Understanding,"Language Acquisition, Transfer, and Cross-Curricular Language Development",What is Behaviorist Theory?,"Proposes that language is learned through imitation, reinforcement, and conditioning","Behaviorist Theory (Skinner) views language as learned behavior shaped by rewards and punishments. Children imitate adults and are reinforced for correct forms. However, this doesn't fully explain creative language use.",2,"{""behaviorism"",""Skinner"",""imitation""}"
F208,Literature & Understanding,"Language Acquisition, Transfer, and Cross-Curricular Language Development",What is Nativist Theory?,Chomsky's view that humans are born with an innate capacity for language (Language Acquisition Device),"Nativist Theory (Chomsky) proposes a universal grammar hardwired in the brain. The Language Acquisition Device (LAD) allows children to acquire any language with minimal input. Explains rapid, universal language development.",2,"{""nativist"",""Chomsky"",""LAD"",""innate""}"
F209,Literature & Understanding,"Language Acquisition, Transfer, and Cross-Curricular Language Development",What is Cognitive Theory (Piaget)?,Suggests that language development is linked to overall cognitive growth and concept formation,"Piaget argued language depends on cognitive development. Children can't use words for concepts they haven't mentally grasped. Language reflects thinking, not vice versa. Symbolic thought enables language.",2,"{""cognitive theory"",""Piaget"",""thinking""}"
F210,Literature & Understanding,"Language Acquisition, Transfer, and Cross-Curricular Language Development",What is Zone of Proximal Development (ZPD)?,Vygotsky's concept: learners progress when supported slightly beyond their current ability,"ZPD is the gap between what learners can do independently and what they can do with guidance. Effective teaching targets this zone, providing scaffolding to reach new levels. Social interaction is key to learning.",2,"{""ZPD"",""Vygotsky"",""scaffolding"",""development""}"
F211,Literature & Understanding,"Language Acquisition, Transfer, and Cross-Curricular Language Development",What is Interlanguage?,A temporary linguistic system formed by second language learners blending features of both languages,"Interlanguage is the learner's evolving language system between L1 and L2. It's systematic but contains errors from L1 influence, overgeneralization, and incomplete L2 knowledge. Example: 'She no like' (Spanish influence on English).",2,"{""interlanguage"",""L2 learning"",""developmental""}"
F212,Literature & Understanding,"Language Acquisition, Transfer, and Cross-Curricular Language Development",What is Language Transfer?,The influence of a learner's first language on the acquisition of a second,Language Transfer occurs when L1 patterns affect L2 production. Can be positive (helpful similarities) or negative (interference from differences). Example: Spanish speakers omitting 'it' in 'It's raining' (not required in Spanish).,2,"{""transfer"",""L1 influence"",""L2 acquisition""}"
F213,Literature & Understanding,"Language Acquisition, Transfer, and Cross-Curricular Language Development",What is Positive Transfer?,"When L1 and L2 share similar structures, facilitating learning","Positive Transfer helps learners by applying L1 knowledge to L2. Examples: cognates (information/información), similar grammar patterns, shared phonemes. Bilingual students can leverage these similarities.",1,"{""positive transfer"",""cognates"",""facilitation""}"
F214,Literature & Understanding,"Language Acquisition, Transfer, and Cross-Curricular Language Development",What is Negative Transfer (Interference)?,When differences between L1 and L2 cause learning difficulties or errors,"Negative Transfer creates errors when L1 patterns conflict with L2. Examples: Spanish speakers saying 'is raining' (omitting subject), Japanese speakers confusing 'r' and 'l'. Teachers should address these predictable errors.",2,"{""negative transfer"",""interference"",""errors""}"
F215,Literature & Understanding,"Language Acquisition, Transfer, and Cross-Curricular Language Development",What is Code-Mixing?,The blending of words or phrases from two languages within a single discourse,"Code-Mixing combines languages within sentences or conversations. Different from code-switching (alternating between languages). Example: 'Vamos al store' (Spanish + English). Common among bilinguals, reflects linguistic flexibility.",2,"{""code-mixing"",""bilingualism"",""language contact""}"
F216,Literature & Understanding,"Language Acquisition, Transfer, and Cross-Curricular Language Development",What is Academic Language?,"Language used in formal education settings; includes specialized vocabulary, syntax, and discourse structures","Academic Language is more abstract, complex, and context-reduced than social language. Requires explicit instruction. Examples: technical vocabulary, passive voice, complex sentences. Essential for school success.",2,"{""academic language"",""CALP"",""formal language""}"
F217,Literature & Understanding,"Language Acquisition, Transfer, and Cross-Curricular Language Development",What is Disciplinary Literacy?,Understanding how language and communication differ across academic subjects,"Disciplinary Literacy recognizes that reading/writing in history differs from science or math. Each discipline has unique texts, vocabulary, arguments, and ways of constructing knowledge. Students need subject-specific literacy strategies.",2,"{""disciplinary literacy"",""content areas"",""subject-specific""}"
F218,Literature & Understanding,"Language Acquisition, Transfer, and Cross-Curricular Language Development",What is Language Across the Curriculum?,"Teaching approach that integrates reading, writing, and speaking skills into all subject areas","Language Across the Curriculum makes all teachers language teachers. Students read, write, and discuss in math, science, social studies—not just English class. Reinforces literacy while deepening content understanding.",2,"{""language across curriculum"",""integration"",""content literacy""}"
F219,Literature & Understanding,"Language Acquisition, Transfer, and Cross-Curricular Language Development",What is Collaborative Dialogue?,Conversation among learners that promotes language acquisition through peer interaction,"Collaborative Dialogue involves students negotiating meaning, clarifying ideas, and co-constructing knowledge through talk. Promotes active language use, critical thinking, and social learning. Example: partner discussions, group projects.",1,"{""collaborative dialogue"",""peer interaction"",""discussion""}"
F220,Literature & Understanding,"Language Acquisition, Transfer, and Cross-Curricular Language Development",What is Cultural Schema?,Background knowledge from one's culture that influences language comprehension and use,"Cultural Schema includes shared experiences, values, and knowledge that aid comprehension. Example: American students understanding baseball metaphors in text. ELLs may lack cultural schema, hindering comprehension despite language proficiency.",2,"{""cultural schema"",""background knowledge"",""comprehension""}"
F221,Literature & Understanding,"Language Acquisition, Transfer, and Cross-Curricular Language Development",What is Academic Vocabulary Tier 2?,High-utility words used across disciplines,"Tier 2 vocabulary appears across subjects: analyze, infer, evaluate, synthesize. More sophisticated than everyday words (Tier 1: happy, run) but less specialized than technical terms (Tier 3: photosynthesis). Priority for explicit instruction.",1,"{""Tier 2 vocabulary"",""academic words"",""cross-disciplinary""}"
F222,Literature & Understanding,"Language Acquisition, Transfer, and Cross-Curricular Language Development",What is Metacognition in Reading?,Students' awareness and control of their comprehension processes,"Metacognition means thinking about thinking. In reading, students monitor comprehension, notice confusion, and apply fix-up strategies. Example: re-reading, asking questions, visualizing. Explicit instruction improves metacognitive skills.",2,"{""metacognition"",""comprehension monitoring"",""self-awareness""}"
F223,Literature & Understanding,"Language Acquisition, Transfer, and Cross-Curricular Language Development",What is Scaffolded Reading Instruction?,"Teacher gradually releases responsibility by modeling strategies, guiding practice, then independent work","Scaffolded Instruction follows the gradual release model: I do (modeling), We do (guided practice), You do (independent practice). Supports learners in ZPD, building autonomy. Example: teacher thinks aloud, then students practice with support.",1,"{""scaffolding"",""gradual release"",""instruction""}"
F224,Literature & Understanding,"Language Acquisition, Transfer, and Cross-Curricular Language Development",What are Cross-Linguistic Connections?,Recognizing relationships between languages to strengthen vocabulary and comprehension,"Cross-Linguistic Connections leverage bilingual students' L1 knowledge. Examples: comparing cognates, discussing idioms, analyzing grammar differences. Validates home language while building English proficiency.",2,"{""cross-linguistic"",""bilingual education"",""transfer""}"
F225,Literature & Understanding,"Language Acquisition, Transfer, and Cross-Curricular Language Development",What is Integrative Language Teaching?,"Combining listening, speaking, reading, and writing in content-rich lessons to promote holistic competence","Integrative Language Teaching connects all four skills in meaningful contexts rather than isolating them. Example: students read about ecosystems, discuss findings, write reports, present orally. Reflects authentic language use.",2,"{""integrative teaching"",""four skills"",""holistic""}"
F401,Genre & Craft,"Language Structure, Literary Response, and Expository Writing Techniques",What is Phonology?,"The sound system of a language, including phonemes, stress, and intonation patterns","Phonology studies how sounds function in a language. It includes phonemes (smallest sound units), stress patterns (syllable emphasis), and intonation (pitch changes). Example: English distinguishes /p/ and /b/ as separate phonemes (pin vs. bin).",2,"{""phonology"",""linguistics"",""sound system""}"
F402,Genre & Craft,"Language Structure, Literary Response, and Expository Writing Techniques",What is Morphology?,The structure of words and the formation of words from morphemes,"Morphology analyzes how words are built from morphemes (roots, prefixes, suffixes). Example: 'unhappiness' = un- (prefix) + happy (root) + -ness (suffix). Understanding morphology aids vocabulary development and spelling.",2,"{""morphology"",""word structure"",""morphemes""}"
F403,Genre & Craft,"Language Structure, Literary Response, and Expository Writing Techniques",What is Syntax?,Rules governing phrase and sentence structure; how words combine into clauses,Syntax determines word order and grammatical relationships. Example: 'The cat chased the mouse' vs. 'The mouse chased the cat' show how syntax creates different meanings. English uses subject-verb-object order.,2,"{""syntax"",""sentence structure"",""grammar""}"
F404,Genre & Craft,"Language Structure, Literary Response, and Expository Writing Techniques",What is Semantics?,"Meaning in language; relationships among words, phrases, and sentences","Semantics studies how meaning is constructed and interpreted. Includes word meanings, sentence meanings, and how context affects interpretation. Example: 'bank' can mean financial institution or river edge—context determines meaning.",2,"{""semantics"",""meaning"",""linguistics""}"
F405,Genre & Craft,"Language Structure, Literary Response, and Expository Writing Techniques",What is Pragmatics?,"Language use in context; implied meaning, speaker intent, and social norms","Pragmatics examines how context shapes meaning beyond literal words. Includes indirect speech acts, implicature, and social conventions. Example: 'Can you pass the salt?' is a request, not a question about ability.",3,"{""pragmatics"",""context"",""implied meaning""}"
F406,Genre & Craft,"Language Structure, Literary Response, and Expository Writing Techniques",What is Descriptive vs. Prescriptive grammar?,Descriptive grammar explains how people actually use language; prescriptive grammar dictates how they should use it,Descriptive grammar observes and documents real language use without judgment (linguists' approach). Prescriptive grammar enforces rules about 'correct' usage (traditional school approach). Example: Descriptive accepts 'they' as singular pronoun; prescriptive may reject it.,1,"{""grammar"",""descriptive"",""prescriptive"",""linguistics""}"
F407,Genre & Craft,"Language Structure, Literary Response, and Expository Writing Techniques",What is Ambiguity?,"A word, phrase, or passage with multiple possible meanings; can be intentional for effect","Ambiguity allows multiple interpretations. Can be lexical (word level), syntactic (sentence structure), or semantic (meaning). Authors may use it deliberately for complexity. Example: 'Flying planes can be dangerous' (piloting vs. airborne planes).",3,"{""ambiguity"",""multiple meanings"",""interpretation""}"
F408,Genre & Craft,"Language Structure, Literary Response, and Expository Writing Techniques",What is Connotation?,Associated or suggested meaning of a word beyond its denotation,Connotation is the emotional or cultural associations a word carries. Example: 'home' (denotation: residence) has positive connotations of warmth and belonging. Word choice affects tone through connotation.,1,"{""connotation"",""word meaning"",""associations""}"
F409,Genre & Craft,"Language Structure, Literary Response, and Expository Writing Techniques",What is Figurative Language?,"Nonliteral language (metaphor, simile, personification, hyperbole) to create effects","Figurative Language uses words beyond their literal meanings to create imagery, emphasis, or emotional impact. Includes metaphor, simile, personification, hyperbole, and more. Example: 'Time is a thief' (metaphor).",1,"{""figurative language"",""literary devices"",""metaphor""}"
F410,Genre & Craft,"Language Structure, Literary Response, and Expository Writing Techniques",What is Irony?,Discrepancy between expectation and reality,"Irony creates contrast between what's expected and what occurs. Types: verbal (saying opposite of meaning), situational (outcome opposite of expected), dramatic (audience knows more than characters). Example: Fire station burns down (situational irony).",2,"{""irony"",""verbal"",""situational"",""dramatic""}"
F411,Genre & Craft,"Language Structure, Literary Response, and Expository Writing Techniques",What is Imagery?,Language appealing to the senses to evoke responses in readers,"Imagery uses sensory details (sight, sound, smell, taste, touch) to create vivid mental pictures. Helps readers experience the text emotionally and physically. Example: 'The crisp, golden leaves crunched beneath her feet.'",1,"{""imagery"",""sensory details"",""description""}"
F412,Genre & Craft,"Language Structure, Literary Response, and Expository Writing Techniques",What is Rhythm & Meter?,Pattern of stressed/unstressed syllables in verse; meter types like iambic pentameter,Rhythm is the pattern of beats in poetry. Meter is systematic rhythm measured in feet. Example: Iambic pentameter (Shakespeare's favorite) has 5 iambs per line (unstressed-STRESSED). Creates musicality and emphasis.,3,"{""rhythm"",""meter"",""poetry"",""iambic pentameter""}"
F413,Genre & Craft,"Language Structure, Literary Response, and Expository Writing Techniques",What is Rhyme?,"Repetition of similar sounds, especially at line ends; includes slant rhyme and internal rhyme","Rhyme repeats similar sounds for musicality and emphasis. Types: end rhyme (line ends), internal rhyme (within lines), slant/near rhyme (similar but not exact sounds). Example: 'cat/hat' (perfect rhyme), 'cat/cot' (slant rhyme).",2,"{""rhyme"",""sound patterns"",""poetry""}"
F414,Genre & Craft,"Language Structure, Literary Response, and Expository Writing Techniques",What is Characterization?,Methods an author uses to portray character,"Characterization reveals characters through direct description, actions, dialogue, thoughts, and others' reactions. Can be direct (author tells) or indirect (reader infers). Example: Actions revealing bravery show character without stating it directly.",2,"{""characterization"",""character development"",""literary analysis""}"
F415,Genre & Craft,"Language Structure, Literary Response, and Expository Writing Techniques",What is Plot & Setting?,Plot: sequence of events; Setting: time/place/context framing events and mood,"Plot is the story structure (exposition, rising action, climax, falling action, resolution). Setting establishes when and where events occur, influencing mood and conflict. Example: A story set during war creates tension and limits character choices.",1,"{""plot"",""setting"",""story structure""}"
F416,Genre & Craft,"Language Structure, Literary Response, and Expository Writing Techniques",What is Tone & Mood?,Tone: author's attitude; Mood: emotional atmosphere experienced by readers,"Tone reflects the author's perspective (humorous, serious, sarcastic). Mood is the feeling evoked in readers (tense, peaceful, melancholy). Word choice, imagery, and syntax create both. Example: Dark imagery creates ominous mood.",1,"{""tone"",""mood"",""atmosphere"",""style""}"
F417,Genre & Craft,"Language Structure, Literary Response, and Expository Writing Techniques",What is a Universal Theme?,Idea of broad human significance recurring across cultures and eras,"Universal Themes address fundamental human experiences: identity, justice, love, mortality, power. They transcend specific contexts and resonate across time and cultures. Example: The hero's journey appears in myths worldwide.",2,"{""theme"",""universal"",""literary analysis""}"
F418,Genre & Craft,"Language Structure, Literary Response, and Expository Writing Techniques",What is Thesis & Support?,"A clear, arguable central claim with logically organized, relevant evidence and reasoning","A thesis states the essay's main argument. Support includes evidence (facts, examples, quotations) and reasoning connecting evidence to the claim. Strong essays have unified paragraphs, transitions, and logical progression.",2,"{""thesis"",""argumentation"",""essay structure""}"
F419,Genre & Craft,"Language Structure, Literary Response, and Expository Writing Techniques",What are Expository Structures?,"Common patterns: definition, classification, cause–effect, compare–contrast, problem–solution; formats like business letter, news article, formal essay",Expository writing informs or explains using organizational patterns suited to purpose. Definition explains terms; compare-contrast shows similarities/differences; cause-effect shows relationships. Format matches audience and purpose (business letter for professional communication).,2,"{""expository writing"",""organization"",""text structures""}"
F601,Skills & Processes,"Reading Strategies, Critical Analysis, Reader Response, Cross-Curricular Writing, and Media Literacy",What are Context Clues?,Hints within a text that help determine the meaning of unfamiliar words,"Context Clues are surrounding words, phrases, or sentences that help readers infer unknown word meanings. Types include definition, example, synonym, antonym, and inference clues. Essential for vocabulary development.",1,"{""context clues"",""vocabulary"",""reading strategies""}"
F602,Skills & Processes,"Reading Strategies, Critical Analysis, Reader Response, Cross-Curricular Writing, and Media Literacy",What is Word Structure analysis?,"Analysis of prefixes, roots, and suffixes to determine word meaning",Word Structure analysis breaks words into morphemes (meaningful parts) to understand meanings. Example: 'unhappiness' = un- (not) + happy + -ness (state). Supports vocabulary growth and spelling.,1,"{""word structure"",""morphology"",""vocabulary""}"
F603,Skills & Processes,"Reading Strategies, Critical Analysis, Reader Response, Cross-Curricular Writing, and Media Literacy",What is Skimming?,A reading technique used to quickly identify main ideas or general meaning,"Skimming involves reading headings, first sentences, and key words to grasp the gist without reading every word. Used for previewing, reviewing, or determining relevance. Improves reading efficiency.",1,"{""skimming"",""reading strategies"",""efficiency""}"
F604,Skills & Processes,"Reading Strategies, Critical Analysis, Reader Response, Cross-Curricular Writing, and Media Literacy",What is Scanning?,A reading strategy used to locate specific facts or details quickly,"Scanning involves moving eyes rapidly over text to find particular information (names, dates, statistics). Like using Find/Search. Different from skimming (which seeks main ideas). Essential research skill.",1,"{""scanning"",""reading strategies"",""research""}"
F605,Skills & Processes,"Reading Strategies, Critical Analysis, Reader Response, Cross-Curricular Writing, and Media Literacy",What is Inference?,A logical conclusion drawn from evidence and reasoning rather than explicit statements,Inference combines textual evidence with prior knowledge to understand implied meanings. Example: 'Her hands trembled' infers nervousness. Critical for comprehension beyond literal level.,2,"{""inference"",""critical thinking"",""comprehension""}"
F606,Skills & Processes,"Reading Strategies, Critical Analysis, Reader Response, Cross-Curricular Writing, and Media Literacy",What is Summarizing?,Condensing a text to its essential ideas while maintaining its meaning,"Summarizing identifies main ideas and key supporting details, omitting examples and redundancy. Requires distinguishing important from unimportant information. Tests and builds comprehension.",2,"{""summarizing"",""main idea"",""comprehension""}"
F607,Skills & Processes,"Reading Strategies, Critical Analysis, Reader Response, Cross-Curricular Writing, and Media Literacy",What are General vs. Specific Statements?,General statements express broad ideas; specific statements provide supporting details,"General statements make broad claims (topic sentences); specific statements offer examples, facts, or details supporting them. Recognizing this hierarchy aids comprehension and summarization.",1,"{""text structure"",""main idea"",""details""}"
F608,Skills & Processes,"Reading Strategies, Critical Analysis, Reader Response, Cross-Curricular Writing, and Media Literacy",What is Metacognition?,Thinking about one's own thinking; awareness of comprehension strategies and monitoring understanding,"Metacognition includes planning (setting purpose), monitoring (noticing confusion), and evaluating (checking understanding). Effective readers use metacognitive strategies to regulate comprehension.",2,"{""metacognition"",""self-monitoring"",""strategies""}"
F609,Skills & Processes,"Reading Strategies, Critical Analysis, Reader Response, Cross-Curricular Writing, and Media Literacy",What is Denotative Meaning?,"The literal, dictionary definition of a word",Denotative Meaning is objective and universal—what a word literally means. Example: 'home' denotes a dwelling place. Contrasts with connotation (emotional associations).,1,"{""denotation"",""meaning"",""vocabulary""}"
F610,Skills & Processes,"Reading Strategies, Critical Analysis, Reader Response, Cross-Curricular Writing, and Media Literacy",What is Connotative Meaning?,The emotional or associative meaning attached to a word beyond its definition,"Connotative Meaning includes feelings and associations. Example: 'home' connotes warmth, safety, belonging. Understanding connotation is critical for interpreting tone and author's purpose.",1,"{""connotation"",""meaning"",""tone""}"
F611,Skills & Processes,"Reading Strategies, Critical Analysis, Reader Response, Cross-Curricular Writing, and Media Literacy",What is Prior Knowledge Activation?,Connecting what a reader already knows to new text information to improve comprehension,"Prior Knowledge Activation uses existing knowledge to make sense of new information. Example: KWL charts (Know, Want to know, Learned). Essential for building schema and deepening understanding.",2,"{""prior knowledge"",""schema"",""comprehension""}"
F612,Skills & Processes,"Reading Strategies, Critical Analysis, Reader Response, Cross-Curricular Writing, and Media Literacy",What is Prediction Strategy?,Anticipating what will happen next in a text to maintain engagement and comprehension,"Prediction Strategy uses textual clues and prior knowledge to forecast outcomes. Keeps readers engaged, aids comprehension monitoring. Predictions should be confirmed or revised as reading continues.",2,"{""prediction"",""engagement"",""comprehension""}"
F613,Skills & Processes,"Reading Strategies, Critical Analysis, Reader Response, Cross-Curricular Writing, and Media Literacy",What is Audience and Purpose?,"Understanding whom a text targets and why it was written, key to critical reading","Audience (intended readers) and Purpose (inform, persuade, entertain) shape every writing choice. Identifying these helps readers evaluate effectiveness and detect bias.",2,"{""audience"",""purpose"",""critical reading""}"
F614,Skills & Processes,"Reading Strategies, Critical Analysis, Reader Response, Cross-Curricular Writing, and Media Literacy",What is Persuasive Strategy?,A rhetorical method used to influence audience beliefs or actions,"Persuasive Strategies include ethos (credibility), pathos (emotion), and logos (logic). Also includes rhetorical questions, repetition, and appeals to values. Critical for analyzing arguments.",2,"{""persuasion"",""rhetoric"",""argumentation""}"
F615,Skills & Processes,"Reading Strategies, Critical Analysis, Reader Response, Cross-Curricular Writing, and Media Literacy",What is Fact vs. Opinion?,Facts are verifiable; opinions reflect beliefs or interpretations,Facts can be proven true or false (Earth orbits Sun). Opinions express judgments (Summer is the best season). Critical readers distinguish between them to evaluate claims.,1,"{""fact"",""opinion"",""critical thinking""}"
F616,Skills & Processes,"Reading Strategies, Critical Analysis, Reader Response, Cross-Curricular Writing, and Media Literacy",What is Source Credibility?,"Evaluation of an author's expertise, evidence quality, and objectivity","Source Credibility considers author qualifications, evidence (research, data), objectivity, and publisher reputation. Essential for evaluating information reliability, especially online.",2,"{""credibility"",""evaluation"",""sources""}"
F617,Skills & Processes,"Reading Strategies, Critical Analysis, Reader Response, Cross-Curricular Writing, and Media Literacy",What is Bias?,A predisposition or prejudice that influences perspective or presentation of information,"Bias is favoritism toward one side, often unconscious. Detected through word choice, omitted information, and source selection. All texts have some bias—critical readers recognize and account for it.",2,"{""bias"",""critical reading"",""perspective""}"
F618,Skills & Processes,"Reading Strategies, Critical Analysis, Reader Response, Cross-Curricular Writing, and Media Literacy",What is Tone and Style?,Tone reflects the author's attitude; style refers to the author's language choices and structure,"Tone (formal, humorous, sarcastic) reveals author's attitude. Style includes diction, syntax, imagery, and structure. Both shape meaning and reader response.",2,"{""tone"",""style"",""author's craft""}"
F619,Skills & Processes,"Reading Strategies, Critical Analysis, Reader Response, Cross-Curricular Writing, and Media Literacy",What is Reader Response Theory?,Meaning arises from the reader's interpretation and personal engagement with a text,"Reader Response Theory emphasizes readers' active role in creating meaning. Personal experiences, beliefs, and contexts shape interpretation. Validates diverse readings and encourages reflection.",2,"{""reader response"",""interpretation"",""theory""}"
F620,Skills & Processes,"Reading Strategies, Critical Analysis, Reader Response, Cross-Curricular Writing, and Media Literacy",What is a Reading Journal?,"A tool for recording personal responses, reflections, and interpretations of texts","Reading Journals capture thoughts, questions, connections, and reactions during/after reading. Supports metacognition, deepens comprehension, and documents intellectual growth.",1,"{""reading journal"",""reflection"",""response""}"
F621,Skills & Processes,"Reading Strategies, Critical Analysis, Reader Response, Cross-Curricular Writing, and Media Literacy",What is Writing to Learn?,"Using writing (journals, logs, essays) to clarify thinking and connect ideas across disciplines","Writing to Learn uses informal writing to process information, not just demonstrate knowledge. Includes quick writes, reflective journals, concept maps. Deepens understanding in all subjects.",2,"{""writing to learn"",""reflection"",""cross-curricular""}"
F622,Skills & Processes,"Reading Strategies, Critical Analysis, Reader Response, Cross-Curricular Writing, and Media Literacy",What is Inquiry Writing?,"Writing that generates authentic questions, explores problems, and reflects on learning","Inquiry Writing begins with genuine curiosity, not prescribed topics. Students pose questions, research, analyze findings, and reflect. Promotes critical thinking and authentic engagement.",2,"{""inquiry"",""research"",""critical thinking""}"
F623,Skills & Processes,"Reading Strategies, Critical Analysis, Reader Response, Cross-Curricular Writing, and Media Literacy",What is Visual Communication?,"Conveying information through images, charts, graphs, videos, or performance","Visual Communication uses non-textual modes to convey meaning. Includes infographics, diagrams, photos, videos. Often more immediate and accessible than text alone. Essential 21st century literacy.",2,"{""visual communication"",""multimodal"",""media""}"
F624,Skills & Processes,"Reading Strategies, Critical Analysis, Reader Response, Cross-Curricular Writing, and Media Literacy",What is Media Literacy?,"The ability to analyze, evaluate, and create media messages in various forms","Media Literacy includes understanding how media is constructed, purposes, techniques, and effects. Enables critical consumption and ethical production of media. Essential for navigating information age.",2,"{""media literacy"",""critical thinking"",""evaluation""}"
F625,Skills & Processes,"Reading Strategies, Critical Analysis, Reader Response, Cross-Curricular Writing, and Media Literacy",What are Propaganda Techniques?,"Methods used to manipulate opinion—bandwagon, testimonial, glittering generalities, fear appeal","Propaganda Techniques influence without full information or critical thought. Bandwagon (everyone's doing it), testimonial (celebrity endorsement), fear appeal (threats). Recognizing these protects against manipulation.",2,"{""propaganda"",""manipulation"",""critical thinking""}"
F626,Skills & Processes,"Reading Strategies, Critical Analysis, Reader Response, Cross-Curricular Writing, and Media Literacy",What is Multimodal Communication?,"Using combinations of text, sound, and visuals to communicate meaning","Multimodal Communication integrates multiple modes (linguistic, visual, audio, gestural, spatial) simultaneously. Example: Video combines narration, images, music. Richer than single-mode communication.",2,"{""multimodal"",""communication"",""integration""}"
F627,Skills & Processes,"Reading Strategies, Critical Analysis, Reader Response, Cross-Curricular Writing, and Media Literacy",What is Critical Evaluation of Media?,"Assessing media messages for accuracy, bias, purpose, and effect on public perception","Critical Evaluation of Media questions who created it, why, what techniques are used, what's included/omitted, and whose interests are served. Essential for informed citizenship in media-saturated world.",2,"{""critical evaluation"",""media"",""analysis""}"
F628,Skills & Processes,"Reading Strategies, Critical Analysis, Reader Response, Cross-Curricular Writing, and Media Literacy",What is Charts and Graphs Interpretation?,Extracting and analyzing meaning from visual data representations,"Charts and Graphs Interpretation requires understanding axes, scales, labels, and data relationships. Skills include identifying trends, comparing values, and drawing conclusions. Critical for informational literacy.",2,"{""data interpretation"",""graphs"",""visual literacy""}"
F629,Skills & Processes,"Reading Strategies, Critical Analysis, Reader Response, Cross-Curricular Writing, and Media Literacy",What is Synergy in Media?,Combined media elements (image + text + sound) that reinforce one another's message,"Synergy in Media occurs when multiple modes work together to create meaning greater than the sum of parts. Example: Documentary using interview (audio), archival photos (visual), captions (text) together for powerful effect.",3,"{""synergy"",""media"",""integration""}"
F630,Meaning & Communication,History and development of the English language,What was the primary influence on Old English vocabulary?,Norse vocabulary introduced through Viking contact,"The Viking invasions infused Old English with Norse loanwords like 'sky,' 'egg,' and 'window,' shaping northern dialects. These words became permanent features of English.",2,"{""Old English"",""Norse"",""Viking"",""language history""}"
F631,Meaning & Communication,History and development of the English language,What event most contributed to standardizing English spelling and grammar?,The introduction of the printing press by William Caxton in 1476,The printing press made written English more uniform and spread London's dialect as a standard. Mass production of texts required consistent spelling conventions.,2,"{""printing press"",""standardization"",""Caxton""}"
F632,Meaning & Communication,History and development of the English language,How did global expansion influence English vocabulary?,"Colonial contact introduced loanwords from Hindi, Arabic, Swahili, and other languages","Global expansion gave English words like 'bungalow' (Hindi), 'algebra' (Arabic), and 'safari' (Swahili), demonstrating English's ability to absorb vocabulary from worldwide contact.",2,"{""colonialism"",""loanwords"",""global English""}"
F633,Meaning & Communication,History and development of the English language,What caused the divergence of British and American English spelling?,Noah Webster's dictionary reforms,"Webster intentionally simplified spellings—'color' vs. 'colour,' 'center' vs. 'centre'—to promote linguistic independence in the new American nation.",2,"{""American English"",""Webster"",""spelling reform""}"
F634,Meaning & Communication,History and development of the English language,What caused rapid vocabulary expansion in the 20th century?,Technological and scientific innovation,"Modern inventions created terms like 'television,' 'internet,' 'genetic code,' and 'smartphone.' Science and technology drive the most rapid vocabulary growth in contemporary English.",2,"{""20th century"",""technology"",""vocabulary""}"
F635,Meaning & Communication,History and development of the English language,How do social movements shape language?,They influence evolving norms like gender-inclusive pronouns (singular 'they'),Contemporary social awareness drives language change. The acceptance of singular 'they' for non-binary individuals shows how identity and expression movements reshape usage norms.,2,"{""social movements"",""pronouns"",""language change""}"
F636,Meaning & Communication,History and development of the English language,"What demonstrates English as a living, evolving language?",The emergence of internet slang and new verb forms like 'to google',"Digital communication continuously produces new vocabulary and usage patterns. Words like 'google,' 'tweet,' and 'selfie' show language adapting to technological change.",2,"{""living language"",""internet"",""neologisms""}"
F637,Meaning & Communication,History and development of the English language,How do regional dialects develop?,Through isolation and distinct cultural contact patterns,"Geography, migration, and community interaction create region-specific pronunciations and idioms. Dialects reflect local history, settlement patterns, and cultural influences.",2,"{""dialects"",""regional variation"",""language geography""}"
F638,Meaning & Communication,History and development of the English language,What does Harlem Renaissance writing demonstrate about language?,Creative adaptation of vernacular speech to convey cultural identity,"Writers like Langston Hughes and Zora Neale Hurston blended African American vernacular with literary English to express cultural voice and authenticity, showing language as identity.",2,"{""Harlem Renaissance"",""vernacular"",""cultural identity""}"
F639,Meaning & Communication,History and development of the English language,What are 'World Englishes'?,Localized varieties of English shaped by regional and cultural factors,"'World Englishes' recognizes that British, Indian, Nigerian, and Singaporean English are all legitimate, evolving varieties. Each reflects local linguistic and cultural influences.",2,"{""World Englishes"",""linguistic diversity"",""varieties""}"
F640,Literature & Understanding,Understanding the purposes and values of teaching literature,"What is the primary educational purpose of pairing multicultural novels like The Joy Luck Club, Bless Me, Ultima, and The Namesake?",To explore the experiences of cultural identity and assimilation in the United States,"Each novel portrays generational and cultural negotiation, making them ideal for discussing themes of identity and assimilation. This pairing helps students understand diverse cultural perspectives and experiences.",2,"{""multicultural literature"",""cultural identity"",""assimilation"",""teaching literature""}"
F641,Literature & Understanding,Understanding the purposes and values of teaching literature,Why would a teacher pair The Diary of Anne Frank with Night by Elie Wiesel?,To examine personal and historical perspectives on human rights and moral courage,"Pairing survivor accounts helps students connect literature to ethical and historical understanding. These texts provide different viewpoints on the Holocaust, fostering empathy and critical thinking about human rights.",2,"{""Holocaust literature"",""human rights"",""moral courage"",""teaching literature""}"
F642,Literature & Understanding,Understanding the purposes and values of teaching literature,What is the main instructional benefit of comparing Their Eyes Were Watching God with modern spoken-word poetry?,To identify social commentary on gender and voice across time periods,"This comparison links historical and contemporary expressions of autonomy and voice, illustrating literature's social purpose. Students can see how themes of empowerment and self-expression evolve across different forms and eras.",2,"{""thematic comparison"",""gender"",""voice"",""literary purpose""}"
F643,Literature & Understanding,Understanding the purposes and values of teaching literature,What is the main purpose of a 'Literature of Place' unit featuring environmental writers like Mary Oliver and Wendell Berry?,To connect students' reading to ecological awareness and personal reflection,This thematic unit integrates literature with environmental ethics and reflective thinking. It helps students develop awareness of humanity's relationship with nature while encouraging personal connections to place.,2,"{""environmental literature"",""place-based learning"",""ecological awareness"",""teaching literature""}"
F644,Literature & Understanding,Understanding the purposes and values of teaching literature,Why would a teacher compare Things Fall Apart by Chinua Achebe with early British colonial novels?,To expose students to non-Western viewpoints and post-colonial themes,"Achebe's work reclaims narrative authority, showing literature's power to challenge dominant cultural perspectives. This comparison helps students understand colonialism from multiple viewpoints and recognize how literature shapes historical narratives.",2,"{""post-colonial literature"",""cultural perspectives"",""narrative authority"",""teaching literature""}"
F645,Literature & Understanding,"World Literature in English, exclusive of North America",What is the primary purpose of Emily Brontë's use of multiple narrators and non-linear structure in Wuthering Heights?,To present differing psychological perspectives that complicate moral judgment,"Brontë's framing devices (Lockwood and Nelly) invite readers to weigh conflicting viewpoints, deepening the novel's moral ambiguity. This narrative technique creates layers of interpretation and challenges readers to form their own moral conclusions.",2,"{""Wuthering Heights"",""Emily Brontë"",""narrative structure"",""multiple narrators"",""moral ambiguity""}"
F646,Literature & Understanding,"World Literature in English, exclusive of North America",How does Elizabeth Gaskell's North and South address industrialization and class conflict?,It integrates social realism with moral sympathy to critique economic inequality,Gaskell's realist approach humanizes labor issues and bridges moral and social commentary—an early example of industrial fiction. She combines detailed observation of working-class life with empathetic storytelling to awaken social conscience.,2,"{""Elizabeth Gaskell"",""North and South"",""industrialization"",""social realism"",""Victorian literature""}"
F647,Literature & Understanding,"World Literature in English, exclusive of North America",Why was Charlotte Brontë's Jane Eyre considered groundbreaking among nineteenth-century novels?,It depicted a female protagonist whose moral and emotional autonomy challenge Victorian gender norms,"Jane's insistence on self-respect and conscience makes the novel an early feminist and psychological narrative. She refuses to compromise her values for love or social status, asserting her right to independence and moral agency.",2,"{""Charlotte Brontë"",""Jane Eyre"",""feminism"",""Victorian gender norms"",""female autonomy""}"
F648,Literature & Understanding,"World Literature in English, exclusive of North America",How does Emily Brontë's depiction of nature in Wuthering Heights differ from typical Romantic literature?,It presents the natural world as indifferent or violent rather than purely inspiring,"Her wild moorland setting mirrors the intensity of human passion and cruelty—nature as emotional landscape, not idyllic refuge. Unlike Romantic idealization of nature as a source of transcendence, Brontë's nature reflects raw human emotion and conflict.",2,"{""Wuthering Heights"",""Emily Brontë"",""nature imagery"",""Romanticism"",""Gothic literature""}"
F649,Literature & Understanding,"World Literature in English, exclusive of North America",Why does Elizabeth Gaskell combine sentimental narrative techniques with journalistic observation in Mary Barton?,To appeal to middle-class readers' empathy for working-class suffering,Gaskell uses empathy and realism to awaken social conscience among her readership—hallmarks of early social-problem fiction. This blend makes the industrial struggles accessible and emotionally resonant to readers unfamiliar with factory life.,2,"{""Elizabeth Gaskell"",""Mary Barton"",""social conscience"",""social-problem fiction"",""Victorian literature""}"
F650,Genre & Craft,English syntax and sentence structure,What makes the sentence 'They the park quickly across ran' incorrect?,It violates English syntax by scrambling normal word order (subject–verb–object),Standard English syntax follows subject–verb–object order. The correct version would be 'They ran quickly across the park.' Scrambling word order creates ungrammatical sentences that violate English conventions.,1,"{""syntax"",""word order"",""sentence structure"",""grammar""}"
F651,Genre & Craft,Parallel structure and sentence coherence,"What is faulty parallel structure and why is 'She enjoys dancing, to swim, and playing tennis' incorrect?",Parallel structure requires consistent grammatical forms; this mixes gerunds with an infinitive,"Parallel structure means using the same grammatical pattern for items in a series. The correct version would be 'She enjoys dancing, swimming, and playing tennis' (all gerunds) or 'She likes to dance, to swim, and to play tennis' (all infinitives).",2,"{""parallel structure"",""grammar"",""consistency"",""sentence structure""}"
F652,Genre & Craft,Sentence fragments and complete sentences,What is a sentence fragment and why is 'Because she was late to the meeting' incomplete?,A fragment is a dependent clause without a main clause; this needs an independent clause to be complete,"A sentence fragment lacks a complete thought. 'Because she was late to the meeting' is a dependent clause that needs a main clause, like 'Because she was late to the meeting, she missed the announcement.' Dependent clauses cannot stand alone.",2,"{""sentence fragments"",""dependent clauses"",""complete sentences"",""grammar""}"
F653,Genre & Craft,Modifiers and clarity,What is a misplaced modifier and what's wrong with 'The teacher handed the papers to the students on the desk'?,"'On the desk' incorrectly modifies 'students' instead of 'papers', creating confusion about what's on the desk","A misplaced modifier is positioned incorrectly, causing ambiguity or illogical meaning. The sentence suggests students are on the desk. The correct version would be 'The teacher handed the papers on the desk to the students' or 'The teacher handed to the students the papers on the desk.'",2,"{""misplaced modifiers"",""clarity"",""grammar"",""sentence structure""}"
F654,Genre & Craft,Structural ambiguity and coordination,What makes 'She told him she loved her cat and so did he' structurally ambiguous?,"The coordination creates ambiguity: did he also tell her, or did he also love her cat?",Structural ambiguity occurs when sentence structure allows multiple interpretations. 'So did he' could mean 'he also told her' or 'he also loved her cat.' Clear writing avoids such ambiguity through careful coordination and punctuation.,2,"{""structural ambiguity"",""coordination"",""clarity"",""sentence structure""}"
F655,Genre & Craft,Morphology and word structure,What are bound morphemes and why does 'unbelievable' contain two of them?,'Un-' and '-able' are both bound morphemes that cannot stand alone; they attach to the free base 'believe',"Bound morphemes are meaningful units that must attach to other morphemes. In 'unbelievable,' 'un-' (negation prefix) and '-able' (adjective-forming suffix) are bound to the free morpheme 'believe.' Neither can function independently as words.",2,"{""morphology"",""bound morphemes"",""word structure"",""linguistics""}"
F656,Genre & Craft,Inflectional vs. derivational morphology,What is inflectional morphology and why is 'walk → walked' an example?,Inflectional morphology changes grammatical function without changing core meaning; '-ed' marks past tense,"Inflectional morphemes modify grammatical features (tense, number, case) without creating new words or changing word class. 'Walked' is still a verb meaning 'to walk,' just in past tense. This differs from derivational morphology, which creates new words.",2,"{""inflectional morphology"",""grammar"",""tense"",""linguistics""}"
F657,Genre & Craft,Syntactic ambiguity,Why is 'Visiting relatives can be exhausting' syntactically ambiguous?,'Visiting relatives' can be a noun phrase (the act of visiting) or a participial phrase (relatives who visit),"Syntactic ambiguity occurs when phrase structure allows multiple interpretations. This sentence could mean: (1) the act of visiting relatives is exhausting, or (2) relatives who are visiting you are exhausting. The phrase structure permits both readings.",2,"{""syntactic ambiguity"",""phrase structure"",""linguistics"",""grammar""}"
F658,Genre & Craft,Derivational morphology,What is derivational morphology and why is 'happy → unhappy' an example?,Derivational morphology creates new words with changed meanings; 'un-' transforms the meaning of 'happy',"Derivational morphemes create new words by changing meaning or word class. Adding 'un-' to 'happy' creates a word with opposite meaning. Unlike inflectional morphemes (which only add grammatical information), derivational changes are more fundamental and create distinct lexical items.",2,"{""derivational morphology"",""word formation"",""prefixes"",""linguistics""}"
F659,Genre & Craft,Semantic agreement,What is semantic agreement and why does 'The thunder laughed across the sky' violate it?,Semantic agreement requires logical relationships between subject and predicate; thunder cannot literally laugh,"Semantic agreement ensures that predicates are logically compatible with their subjects. Thunder (an atmospheric sound) cannot perform the human action of laughing—this is a semantic mismatch. While acceptable as figurative language (personification), it violates literal semantic agreement.",2,"{""semantic agreement"",""subject-predicate"",""personification"",""linguistics""}"
F660,Genre & Craft,Phonological concepts,What is a phoneme?,Smallest sound unit that changes meaning,Minimal sound unit that distinguishes words. Example: /k/ in 'cat' vs. /b/ in 'bat'.,1,"{""phoneme"",""phonology"",""sound"",""linguistics""}"
F661,Genre & Craft,Phonological concepts,What is a grapheme?,Written letter(s) representing a sound,Written symbol for a phoneme. Example: 'ph' in 'phone' = /f/ sound.,1,"{""grapheme"",""phonology"",""writing system"",""linguistics""}"
F662,Genre & Craft,Phonological concepts,What is a digraph?,Two letters making one sound,"Letter pair representing single phoneme. Examples: 'sh' (ship), 'ch' (chair), 'th' (think).",1,"{""digraph"",""phonology"",""spelling"",""literacy""}"
F663,Genre & Craft,Phonological concepts,What is an allophone?,Variant pronunciation of same phoneme,Different sounds of one phoneme based on context. Example: /p/ in 'spin' vs. 'pin' (aspirated).,2,"{""allophone"",""phonology"",""pronunciation"",""linguistics""}"
F664,Genre & Craft,Phonological concepts,What is prosody?,"Rhythm, stress, and intonation in speech","How pitch, rhythm, and stress convey meaning. Example: 'You're going?' (rising = question).",2,"{""prosody"",""intonation"",""stress"",""phonology""}"
F665,Genre & Craft,Morphological concepts,What is a morpheme?,Smallest unit of meaning,Minimal meaningful unit. Example: 'unkindly' = un- (not) + kind + -ly (manner) = 3 morphemes.,1,"{""morpheme"",""morphology"",""meaning"",""linguistics""}"
F666,Genre & Craft,Morphological concepts,What is a free morpheme?,Morpheme that stands alone as a word,"Independent unit functioning as complete word. Examples: book, run, blue.",1,"{""free morpheme"",""morphology"",""word formation"",""linguistics""}"
F667,Genre & Craft,Morphological concepts,What is a bound morpheme?,Morpheme that must attach to another,"Cannot stand alone. Must attach to roots. Examples: -ed, un-, -s.",1,"{""bound morpheme"",""morphology"",""affixes"",""linguistics""}"
F668,Genre & Craft,Morphological concepts,What is a root or base?,Main meaning carrier of a word,"Core morpheme with primary meaning. Example: 'struct' in construct, structure, destruction.",1,"{""root"",""base"",""morphology"",""word formation""}"
F669,Genre & Craft,Morphological concepts,What is a prefix?,Morpheme added to word beginning,"Bound morpheme before root. Examples: un- (unhappy), re- (rewrite), pre- (preview).",1,"{""prefix"",""morphology"",""affixes"",""word formation""}"
F670,Genre & Craft,Morphological concepts,What is a suffix?,Morpheme added to word end,"Bound morpheme after root. Examples: -ness (happiness), -ed (walked), -ly (quickly).",1,"{""suffix"",""morphology"",""affixes"",""word formation""}"
F671,Genre & Craft,Morphological concepts,What is inflection?,Grammatical change without new word,"Marks tense, number, comparison. Examples: talk→talked, cat→cats, big→bigger.",2,"{""inflection"",""morphology"",""grammar"",""linguistics""}"
F672,Genre & Craft,Morphological concepts,What is derivation?,Creating new word or word class,Changes meaning or part of speech. Example: happy (adj) → happiness (noun).,2,"{""derivation"",""morphology"",""word formation"",""linguistics""}"
F673,Genre & Craft,Lexical and semantic concepts,What is a lexicon?,Total vocabulary of language or speaker,"Complete word inventory. Example: engineer's lexicon includes torque, gear ratio, voltage.",1,"{""lexicon"",""vocabulary"",""semantics"",""linguistics""}"
F674,Genre & Craft,Lexical and semantic concepts,What is semantics?,Study of meaning in language,Examines how words convey meaning. Example: 'child' and 'offspring' have similar denotations but different connotations.,1,"{""semantics"",""meaning"",""linguistics""}"
F675,Genre & Craft,Lexical and semantic concepts,What is denotation?,Literal dictionary meaning,Objective definition without emotion. Example: 'snake' = limbless reptile.,1,"{""denotation"",""semantics"",""meaning"",""linguistics""}"
F676,Genre & Craft,Lexical and semantic concepts,What is connotation?,Emotional or cultural associations,Feelings beyond literal meaning. Example: 'snake' can connote danger or deceit.,1,"{""connotation"",""semantics"",""meaning"",""linguistics""}"
F677,Genre & Craft,Lexical and semantic concepts,What is polysemy?,One word with multiple related meanings,"Single word, several related senses. Example: 'light' (illumination or not heavy).",2,"{""polysemy"",""semantics"",""multiple meanings"",""linguistics""}"
F678,Genre & Craft,Lexical and semantic concepts,What is a homophone?,"Words sounding alike, different meaning","Same sound, different spelling/meaning. Examples: flour/flower, there/their/they're.",1,"{""homophone"",""semantics"",""spelling"",""linguistics""}"
F679,Genre & Craft,Lexical and semantic concepts,What is collocation?,Words commonly occurring together,"Habitual word pairs. Example: 'make a decision' (not 'do a decision'), 'heavy rain'.",2,"{""collocation"",""semantics"",""word combinations"",""linguistics""}"
F680,Genre & Craft,Syntactic concepts,What is syntax?,Rules for word order and sentence structure,Governs word arrangement. English uses Subject–Verb–Object: 'The cat chased the mouse.',1,"{""syntax"",""sentence structure"",""grammar"",""linguistics""}"
F681,Genre & Craft,Syntactic concepts,What is a clause?,Group with subject and verb,Contains subject and predicate. Can be independent or dependent. Example: 'Because it rained.',1,"{""clause"",""syntax"",""grammar"",""linguistics""}"
F682,Genre & Craft,Syntactic concepts,What is a phrase?,Group lacking subject and verb,"Meaningful word group without subject-verb. Examples: 'in the morning,' 'the old house.'",1,"{""phrase"",""syntax"",""grammar"",""linguistics""}"
F683,Genre & Craft,Syntactic concepts,What is parallelism?,Repeated grammatical structures,"Same form in series. Example: 'She likes hiking, swimming, biking' (all gerunds).",2,"{""parallelism"",""syntax"",""grammar"",""style""}"
F684,Genre & Craft,Syntactic concepts,What is syntactic ambiguity?,Structure allows multiple interpretations,Sentence permits two+ meanings. Example: 'Visiting relatives can be exhausting.',2,"{""ambiguity"",""syntax"",""multiple meanings"",""linguistics""}"
F685,Genre & Craft,Pragmatic concepts,What is pragmatics?,How context affects meaning,Context influences interpretation. Example: 'Can you open the window?' = polite request.,2,"{""pragmatics"",""context"",""meaning"",""linguistics""}"
F686,Genre & Craft,Pragmatic concepts,What is register?,Level of formality or style,"Language variety by context. Examples: 'What's up?' (informal), 'How do you do?' (formal).",1,"{""register"",""formality"",""pragmatics"",""linguistics""}"
F687,Genre & Craft,Pragmatic concepts,What is code-switching?,Shifting language by audience/context,"Alternating dialects or registers. Example: slang with friends, formal in class.",2,"{""code-switching"",""pragmatics"",""sociolinguistics"",""linguistics""}"
F688,Genre & Craft,Pragmatic concepts,What is discourse?,Connected language beyond single sentence,"Extended communication: conversations, essays, speeches.",1,"{""discourse"",""pragmatics"",""communication"",""linguistics""}"
F689,Genre & Craft,Pragmatic concepts,What is a speech act?,Utterance performing communicative function,"Words that do something. Examples: promising ('I promise'), apologizing ('I'm sorry').",2,"{""speech act"",""pragmatics"",""communication"",""linguistics""}"
F690,Genre & Craft,Pragmatic concepts,What is implicature?,Implied meaning beyond literal words,What's meant vs. said. Example: 'It's cold' implies 'Close the window.',2,"{""implicature"",""pragmatics"",""implied meaning"",""linguistics""}"
F691,Genre & Craft,Social and historical concepts,What is etymology?,Study of word origins and history,Traces word development. Example: 'television' = Greek tele (far) + Latin visio (seeing).,1,"{""etymology"",""word origins"",""history"",""linguistics""}"
F692,Genre & Craft,Social and historical concepts,What is a dialect?,Regional or social language variety,"Variety by region/group. Examples: 'y'all' (Southern), 'you guys' (Midwest).",1,"{""dialect"",""variation"",""sociolinguistics"",""linguistics""}"
F693,Genre & Craft,Social and historical concepts,What is an idiolect?,Individual's personal speech style,Unique speaker patterns. Example: always saying 'you know?' after statements.,2,"{""idiolect"",""individual speech"",""sociolinguistics"",""linguistics""}"
F694,Genre & Craft,Social and historical concepts,What is a loanword?,Word borrowed from another language,"Adopted without translation. Examples: ballet (French), piano (Italian), algebra (Arabic).",1,"{""loanword"",""borrowing"",""etymology"",""linguistics""}"
F695,Meaning & Communication,Language borrowing and etymology,"Which language contributed piano, balcony, and opera to English?",Italian,"Italian borrowings from Renaissance era, reflecting Italy's art and music influence.",1,"{""loanwords"",""Italian"",""borrowing"",""Renaissance""}"
F696,Meaning & Communication,Language borrowing and etymology,"Which language gave English the words cookie, boss, and yacht?",Dutch,Dutch traders and settlers contributed everyday and nautical terms in the 17th century.,1,"{""loanwords"",""Dutch"",""borrowing"",""nautical""}"
F697,Meaning & Communication,Language borrowing and etymology,"Which language is the source of canyon, patio, and rodeo in English?",Spanish,Spanish colonists in North America left lasting vocabulary imprints on English.,1,"{""loanwords"",""Spanish"",""borrowing"",""Americas""}"
F698,Meaning & Communication,Language borrowing and etymology,"Which language contributed bungalow, pyjamas, and shampoo to English?",Hindi,Borrowings from Hindi during British colonial contact with India.,1,"{""loanwords"",""Hindi"",""borrowing"",""colonial""}"
F699,Meaning & Communication,Language borrowing and etymology,"Which language gave English kindergarten, doppelgänger, and waltz?",German,"Germany contributed educational, philosophical, and cultural terms in the 19th century.",1,"{""loanwords"",""German"",""borrowing"",""education""}"
F700,Genre & Craft,Misplaced and dangling modifiers,"What's wrong with: 'While driving to school, the fog made it difficult to see'?",Misplaced modifier - the fog wasn't driving,"The modifier 'While driving to school' should modify the student/driver, not the fog.",2,"{""misplaced modifier"",""grammar"",""clarity"",""syntax""}"
F701,Genre & Craft,Misplaced and dangling modifiers,"Which correctly places modifiers: 'Covered in sauce, the waiter served the pasta' or 'The waiter covered the pasta in sauce before serving it'?",Second version - clearly shows pasta was covered in sauce,First version wrongly suggests the waiter (not pasta) was covered in sauce. Clear placement avoids confusion.,2,"{""misplaced modifier"",""grammar"",""clarity"",""syntax""}"
F702,Genre & Craft,Misplaced and dangling modifiers,What is a dangling modifier?,Modifier with missing or illogical subject,"Example: 'Walking to the store, the rain began' - 'walking' illogically modifies 'rain'. The walker is missing.",2,"{""dangling modifier"",""grammar"",""syntax"",""clarity""}"
F703,Genre & Craft,Misplaced and dangling modifiers,How to fix: 'She nearly watched the movie for three hours'?,'She watched the movie for nearly three hours',"'Nearly' should modify the time (three hours), not the act of watching. Proper placement clarifies meaning.",2,"{""misplaced modifier"",""adverb placement"",""grammar"",""clarity""}"
F704,Genre & Craft,Misplaced and dangling modifiers,What's the clearest way to modify 'test': 'a test to students that was difficult' or 'a difficult test to students'?,'A difficult test to students' - modifier before noun,Placing 'difficult' right before 'test' avoids ambiguity. First version could mean students were difficult.,1,"{""modifier placement"",""grammar"",""clarity"",""syntax""}"
F705,Skills & Processes,Visual literacy and symbolic interpretation,A photo shows a cracked mirror with a gavel. What cause-and-effect does this symbolize?,Flawed justice system causing breakdown of public trust,Gavel = law/justice (cause). Cracked mirror = shattered integrity/reflection (effect: lost public faith). Visual symbolism conveys social commentary.,2,"{""visual literacy"",""symbolism"",""media analysis"",""interpretation""}"
F706,Skills & Processes,Visual literacy and symbolic interpretation,An illustration shows a melted pocket watch over a tree branch with a submerged city. What does this symbolize?,Rapid time passage and climate change effects,Melting watch = time running out/accelerating change (cause: time/inaction). Submerged city = flooding/climate catastrophe (effect). Urgency of environmental action.,2,"{""visual literacy"",""symbolism"",""climate change"",""interpretation""}"
F707,Skills & Processes,Content-area literacy and instructional strategies,What's the best purpose for a reading journal in a science ecology unit?,Connect new vocabulary to familiar terms and summarize key concepts,"Directly addresses content learning (vocabulary, concepts, summarization) and active processing of informational text. Most effective for instructional goals.",2,"{""reading journal"",""content literacy"",""vocabulary"",""comprehension""}"
F708,Skills & Processes,Metacognition and comprehension monitoring,Best reading journal prompt for promoting metacognition in informational text?,"What confused you, and what steps did you take to clarify its meaning?","Forces students to monitor comprehension, identify breakdowns, and reflect on problem-solving strategies—core metacognition for content learning.",2,"{""metacognition"",""reading journal"",""comprehension monitoring"",""problem-solving""}"
F709,Skills & Processes,Assessment of content comprehension through journals,How should a history teacher assess journal entries for content comprehension?,Prioritize entries showing questions connecting new events to prior concepts,Demonstrates higher-order thinking (analysis/synthesis) by integrating new content with prior knowledge—strong indicator of deep content learning.,2,"{""assessment"",""reading journal"",""content comprehension"",""synthesis""}"
F710,Skills & Processes,Historical context and literary analysis,Students confused why 19th-century protagonist won't leave despite inheritance. Best activity?,Analyze Married Women's Property Acts to understand legal restrictions on single women,"Primary source analysis directly addresses historical/legal constraints (no loans, property, credit without male relative). Builds historical empathy for character's predicament.",2,"{""historical context"",""primary sources"",""literature analysis"",""social constraints""}"
F711,Meaning & Communication,Word Relationships - Cognates,What is a cognate?,A word in two languages that shares the same origin and a similar meaning,Example: Family (English) and familia (Spanish) both come from Latin familia.,2,"{""cognates"",""word relationships"",""etymology""}"
F712,Meaning & Communication,Word Relationships - Cognates,What is a true cognate?,"A cognate that looks alike, sounds similar, and has the same meaning in both languages",Example: Hospital (English) and hospital (Spanish).,2,"{""cognates"",""true cognates"",""word relationships""}"
F713,Meaning & Communication,Word Relationships - Cognates,What is a false cognate?,A word that looks similar in two languages but has different meanings,"Example: Embarrassed (English) vs. embarazada (Spanish), which means pregnant.",2,"{""cognates"",""false cognates"",""word relationships""}"
F714,Meaning & Communication,Language Evolution and Archaic Words,What is an archaic English word?,A word once common in English but no longer in everyday use,"Examples include thee, thou, and wherefore.",2,"{""archaic words"",""language history"",""vocabulary""}"
F715,Meaning & Communication,Language Evolution and Phonetic Spelling,What is a phonetic spelling of a word?,A spelling that reflects pronunciation rather than traditional form,Examples: writing nite for night or thru for through.,2,"{""phonetic spelling"",""language evolution"",""spelling""}"
F716,Meaning & Communication,Language Evolution and New Words,What types of new words are most likely to join Standard American English?,Useful blends or compounds that fill communication needs,"Examples: brunch, smog, and podcast.",2,"{""neologisms"",""language evolution"",""compound words""}"
F717,Literature & Understanding,Cultural and Social Contexts,What is a microculture?,"A small group within a larger society that shares common values, behaviors, or language patterns",Example: bilingual students within a dominant culture.,2,"{""microculture"",""social groups"",""cultural context""}"
F718,Literature & Understanding,Cultural and Social Contexts,What is an ethnic group?,"A group of people connected by shared ancestry, history, or cultural heritage",Ethnic groups maintain distinct cultural identities and traditions.,2,"{""ethnic group"",""cultural heritage"",""identity""}"
F719,Literature & Understanding,Cultural and Social Contexts,What is a speech community?,Individuals who share a common language and rules for its use within a broader society,Members of a speech community follow shared linguistic norms and communication patterns.,2,"{""speech community"",""language use"",""sociolinguistics""}"
F720,Literature & Understanding,Cultural and Social Contexts,What is an acculturated group?,A group that adopts traits from a dominant culture while maintaining aspects of its own identity,Acculturation involves cultural adaptation without complete assimilation.,2,"{""acculturation"",""cultural adaptation"",""identity""}"
F721,Skills & Processes,Identifying Learning Goals,What makes a learning goal effective for theme analysis?,It should focus on how authors convey and develop thematic ideas across texts,"Effective learning goals for theme analysis require students to identify, analyze, and compare how themes are developed through author's choices.",3,"{""learning goals"",""theme"",""standards""}"
F722,Skills & Processes,Diagnosing Misconceptions,What is the most common student misconception about theme?,Confusing plot details or topics with thematic inference,Students often state plot events (what happens) rather than the underlying message or universal truth the text conveys.,2,"{""misconceptions"",""theme"",""assessment""}"
F723,Skills & Processes,Argument Evaluation,What three criteria should students use to evaluate argument evidence?,"Strength, relevance, and sufficiency of evidence","Effective argument evaluation requires assessing whether evidence is strong (credible), relevant (related to the claim), and sufficient (adequate amount).",3,"{""argument"",""evaluation"",""evidence""}"
F724,Skills & Processes,Supporting English Learners,What is the most effective scaffold for teaching figurative language to ELLs?,Visual anchors that represent metaphors and similes concretely,"Visual representations make abstract figurative meanings concrete and accessible, bridging language barriers.",2,"{""ELL"",""scaffolding"",""figurative language""}"
F725,Skills & Processes,Comprehension Strategies,What are comprehension-monitoring strategies?,Metacognitive techniques like self-questioning and think-alouds that help readers track understanding,These strategies help students become aware of their comprehension and take action when meaning breaks down.,3,"{""comprehension"",""metacognition"",""strategies""}"
F726,Skills & Processes,Text Structure,What signal words indicate cause-and-effect relationships?,"Therefore, as a result, consequently, because, due to, leads to",These transitional phrases explicitly signal causal relationships between ideas in informational texts.,2,"{""text structure"",""cause-effect"",""signal words""}"
F727,Skills & Processes,Writing Instruction,Why is analyzing exemplar texts effective for teaching argumentative writing?,It helps students see models of logical progression and evidence-based reasoning in practice,"Exemplars provide concrete models of effective argument structure, helping students internalize quality standards.",3,"{""writing"",""argument"",""exemplars""}"
F728,Skills & Processes,Formative Assessment,What defines effective formative assessment?,Assessment that informs immediate instructional adjustments based on student understanding,"Formative assessment is ongoing, provides real-time feedback, and directly shapes next instructional steps.",2,"{""formative assessment"",""instruction"",""feedback""}"
F729,Skills & Processes,Differentiated Instruction,How can teachers provide equitable access to complex texts for diverse readers?,Provide audio support or read-alouds while maintaining the shared text,Audio support scaffolds comprehension without segregating students or reducing text complexity.,3,"{""differentiation"",""access"",""scaffolding""}"
F730,Skills & Processes,Discussion Strategies,What are discussion stems and why are they effective?,Sentence starters that guide students toward analysis and evaluation in discussions,Discussion stems like 'The evidence suggests...' or 'This contrasts with...' scaffold higher-order thinking.,2,"{""discussion"",""stems"",""scaffolding""}"
F731,Skills & Processes,Point of View,What strategy best teaches how point of view shapes meaning?,Having students rewrite a scene from a different character's perspective,Rewriting from another viewpoint makes students directly experience how perspective influences interpretation.,2,"{""point of view"",""perspective"",""writing""}"
F732,Skills & Processes,Vocabulary Instruction,What builds the most durable vocabulary knowledge?,Embedding new vocabulary in authentic writing and discussion tasks,Active use in meaningful contexts creates deeper word knowledge than memorization alone.,3,"{""vocabulary"",""authentic application"",""retention""}"
F733,Skills & Processes,Scaffolding,What is the purpose of guiding questions for complex texts?,To scaffold comprehension while maintaining text integrity and complexity,Guiding questions break down comprehension demands without removing challenging content.,2,"{""scaffolding"",""guiding questions"",""complex texts""}"
F734,Skills & Processes,Writing Feedback,What makes feedback actionable for student writers?,Specific identification of location and concrete steps for improvement,"Effective feedback is precise, targeted, and provides clear guidance rather than general comments.",2,"{""feedback"",""writing"",""revision""}"
F735,Skills & Processes,Assessment Alignment,Why must learning goals align with assessments?,To ensure assessments measure what was actually taught and intended to be learned,Alignment ensures validity—that assessments accurately measure the targeted learning outcomes.,3,"{""alignment"",""assessment"",""validity""}"
F736,Skills & Processes,Bias Analysis,How do students identify bias in persuasive texts?,By evaluating how emotionally charged language influences the reader,Biased language uses emotional appeals and loaded words to sway readers beyond logical reasoning.,3,"{""bias"",""persuasion"",""critical reading""}"
F737,Skills & Processes,Writing Organization,What tool best supports students struggling with paragraph organization?,Graphic organizers that visually model logical sequencing,Visual organizers make abstract organizational structures concrete and help students plan coherent writing.,2,"{""organization"",""graphic organizers"",""writing support""}"
F738,Skills & Processes,Theme Analysis,How should students analyze theme development?,Track how a central idea evolves across key interactions and conflicts,"Effective theme analysis examines how themes are introduced, developed, and refined throughout a text.",3,"{""theme"",""analysis"",""close reading""}"
F739,Skills & Processes,Logical Reasoning,What is the difference between sound and flawed reasoning?,Sound reasoning uses valid logic and sufficient evidence; flawed reasoning contains logical fallacies or weak support,"Evaluating argument validity requires identifying logical fallacies like false cause, hasty generalization, or ad hominem.",3,"{""logical reasoning"",""fallacies"",""argument""}"
F740,Skills & Processes,Text Selection,What should drive complex text selection for instruction?,Alignment between the text's complexity features and the instructional purpose,"Text selection should match specific learning goals, considering both quantitative and qualitative complexity measures.",3,"{""text selection"",""complexity"",""instructional design""}"
