id,subarea,objective,stem,options,correct_index,rationales,difficulty,assessment
Q101,Genre & Craft,Clarity and Concision,Which revision improves sentence clarity?,"{""Running fast, the finish line was crossed by Maria."",""Maria crossed the finish line quickly."",""Maria, crossing the finish line fastly."",""The finish line quickly was crossed Maria.""}",1,"{""Dangling modifier."",""Active voice and concise phrasing."",""Incorrect adverb form."",""Word order is ungrammatical.""}",3,True
Q102,Skills & Processes,Research Evaluation,Which source is most reliable for academic research?,"{""Personal blog"",""Peer-reviewed journal article"",""Wikipedia page"",""Advertisement brochure""}",1,"{""Informal opinion."",""Peer review confers credibility."",""Editable and variable quality."",""Promotional bias.""}",2,True
Q103,Literature & Understanding,Theme Analysis,"In 'The Great Gatsby', which theme is most prominent?","{""The corrupting influence of wealth"",""The importance of education"",""The beauty of nature"",""The power of friendship""}",0,"{""Central to the novel's critique of the American Dream."",""Not a major focus of the novel."",""Minimal presence in the story."",""Secondary to the main themes.""}",3,True
Q104,Meaning & Communication,Rhetorical Devices,Which device is used in 'Ask not what your country can do for you'?,"{""Metaphor"",""Chiasmus"",""Hyperbole"",""Alliteration""}",1,"{""No direct comparison is made."",""Reversal of grammatical structures for rhetorical effect."",""No exaggeration present."",""Repetition of consonant sounds is minimal.""}",4,True
Q105,Genre & Craft,Point of View,Which point of view allows the narrator to know all characters' thoughts?,"{""First person"",""Second person"",""Third person limited"",""Third person omniscient""}",3,"{""Limited to narrator's perspective."",""Addresses the reader directly."",""Restricted to one character's thoughts."",""All-knowing narrator can access any character's mind.""}",2,True
Q106,Skills & Processes,Citation Formats,"In MLA format, where does the period go in relation to the citation?","{""Before the parenthetical citation"",""Inside the parenthetical citation"",""After the parenthetical citation"",""It doesn't matter""}",2,"{""Incorrect MLA format."",""Incorrect MLA format."",""The period always comes after the citation in MLA."",""MLA has specific rules for punctuation.""}",2,True
Q107,Literature & Understanding,Poetry Analysis,What is the rhyme scheme of a Shakespearean sonnet?,"{""ABAB CDCD EFEF GG"",""ABBA ABBA CDC DCD"",""AABB CCDD EEFF GG"",""ABCD ABCD EFGH IJ""}",0,"{""Correct pattern for Shakespearean/English sonnets."",""This is a Petrarchan sonnet pattern."",""Not a traditional sonnet form."",""Not a recognized sonnet pattern.""}",3,True
Q108,Meaning & Communication,Grammar Usage,Which sentence correctly uses a semicolon?,"{""I love reading; especially novels."",""The test is tomorrow; I need to study."",""She is smart; because she reads a lot."",""He ran quickly; to catch the bus.""}",1,"{""Semicolon shouldn't separate a fragment."",""Correctly joins two independent clauses."",""'Because' creates a dependent clause."",""'To catch' creates an infinitive phrase, not an independent clause.""}",3,True
Q109,Genre & Craft,Tone and Mood,What is the difference between tone and mood?,"{""Tone is the reader's feeling; mood is the author's attitude"",""They are the same thing"",""Tone is the author's attitude; mood is the reader's feeling"",""Tone is only in poetry; mood is only in prose""}",2,"{""Reversed definitions."",""They are distinct literary concepts."",""Tone reflects the author's perspective; mood is the emotional atmosphere created for the reader."",""Both apply to all literary forms.""}",2,True
Q110,Skills & Processes,Writing Process,Which revision strategy is most effective for improving clarity?,"{""Reading your work aloud"",""Checking spelling only"",""Counting words"",""Changing font size""}",0,"{""Hearing the text helps identify awkward phrasing and unclear passages."",""Spelling is important but doesn't address clarity."",""Word count doesn't improve clarity."",""Formatting doesn't affect content clarity.""}",2,True
Q111,Literature & Understanding,Poetry Analysis,How many lines are in a Shakespearean sonnet?,"{""12 lines"",""14 lines"",""16 lines"",""18 lines""}",1,"{""Incorrect. 12 lines would be too short for the traditional sonnet structure."",""Correct! Shakespearean sonnets always have 14 lines written in iambic pentameter."",""Incorrect. 16 lines exceeds the traditional sonnet length."",""Incorrect. 18 lines is too long for a sonnet.""}",2,True
Q112,Literature & Understanding,Poetry Analysis,What's the rhyme scheme of a Shakespearean sonnet?,"{""ABBA ABBA CDC DCD"",""ABAB CDCD EFEF GG"",""AABB CCDD EEFF GG"",""ABCD ABCD EFGH IJ""}",1,"{""This is the rhyme scheme of a Petrarchan (Italian) sonnet, not Shakespearean."",""Correct! The three quatrains follow alternating rhyme (ABAB, CDCD, EFEF), ending with a rhyming couplet (GG)."",""This pattern uses only couplets, which doesn't match the Shakespearean structure."",""This pattern has no rhyme scheme at all and isn't a traditional sonnet form.""}",3,True
Q113,Literature & Understanding,Poetry Analysis,Where does the volta (turn in thought) typically occur in a Shakespearean sonnet?,"{""At line 5"",""At line 9 or in the final couplet (line 13)"",""At the very beginning (line 1)"",""At line 8""}",1,"{""Too early. Line 5 is in the middle of the second quatrain, not a typical turning point."",""Correct! The volta usually appears at the start of the third quatrain (line 9) or in the final couplet (line 13), shifting the poem's direction or offering resolution."",""The poem typically establishes its theme first before turning, so line 1 is too early."",""Line 8 is more common in Petrarchan sonnets, not Shakespearean structure.""}",3,True
Q114,Literature & Understanding,Poetry Analysis,Which of the following is a recurring theme in Shakespeare's sonnets?,"{""Space exploration and technology"",""Love, time, beauty, and mortality"",""Political revolution"",""Agricultural practices""}",1,"{""Anachronistic. Shakespeare lived in the late 16th/early 17th century, long before space exploration."",""Correct! Shakespeare's sonnets deeply explore universal themes of love, the passage of time, the nature of beauty, death, and existential questions."",""While Shakespeare wrote political plays, his sonnets focus more on personal and philosophical themes."",""Not a central theme in Shakespeare's sonnets, which focus on human emotion and experience.""}",2,True
Q115,Skills & Processes,Developmental Literacy,What's the primary focus of phonemic awareness?,"{""Recognizing sentence rhythm"",""Recognizing individual sounds in words"",""Identifying prefixes and suffixes"",""Memorizing sight words""}",1,"{""Sentence rhythm relates to prosody, not phonemic awareness."",""Correct! Phonemic awareness focuses on hearing, identifying, and manipulating individual sounds (phonemes) in spoken words."",""Prefixes and suffixes are part of morphology, not phonemic awareness."",""Sight word memorization is a separate literacy skill.""}",2,True
Q116,Skills & Processes,Developmental Literacy,Which skill bridges decoding and comprehension?,"{""Vocabulary development"",""Phoneme blending"",""Sight word recognition"",""Oral fluency""}",3,"{""While important, vocabulary is more directly related to comprehension than bridging the two."",""Phoneme blending is a decoding skill, not a bridge between decoding and comprehension."",""Sight words support decoding but don't bridge to comprehension."",""Correct! Oral fluency combines accurate decoding with expression and understanding, linking both skills.""}",3,True
Q117,Skills & Processes,Developmental Literacy,What stage comes before transitional literacy?,"{""Emergent"",""Fluent"",""Early"",""Proficient""}",2,"{""Emergent is the first stage, coming before early, not transitional."",""Fluent comes after transitional."",""Correct! The progression is: Emergent → Early → Transitional → Fluent → Proficient."",""Proficient is the final stage, after fluent.""}",2,True
Q118,Skills & Processes,Developmental Literacy,Why is morphology instruction beneficial?,"{""It improves handwriting"",""It helps infer meaning from unfamiliar words"",""It improves sentence rhythm"",""It builds phonemic awareness""}",1,"{""Morphology doesn't relate to handwriting (a motor skill)."",""Correct! Understanding roots, prefixes, and suffixes allows students to decode and infer meaning from new words."",""Sentence rhythm relates to prosody, not morphology."",""Phonemic awareness deals with sounds, not word parts.""}",2,True
Q119,Skills & Processes,Developmental Literacy,What's a key strategy for struggling readers?,"{""Reducing text exposure"",""Assigning silent reading only"",""Modeling fluent reading"",""Avoiding feedback""}",2,"{""Reducing exposure limits practice opportunities and slows progress."",""Silent reading alone doesn't provide the modeling and support struggling readers need."",""Correct! Modeling fluent reading demonstrates proper pacing, expression, and decoding strategies."",""Feedback is essential for growth and correction of errors.""}",2,True
Q120,Skills & Processes,Developmental Literacy,What's metacognition in literacy?,"{""Memorizing definitions"",""Monitoring and adjusting one's understanding"",""Identifying literary genres"",""Copying model sentences""}",1,"{""Memorization is a surface-level skill, not metacognition."",""Correct! Metacognition is thinking about one's own thinking—actively monitoring comprehension and adjusting strategies."",""Genre identification is a separate literacy skill."",""Copying is a mechanical task, not reflective thinking.""}",3,True
Q121,Skills & Processes,Developmental Literacy,Why is background knowledge critical for comprehension?,"{""It reduces decoding time"",""It links new information to existing schema"",""It improves phonics speed"",""It supports handwriting fluency""}",1,"{""Background knowledge relates to meaning-making, not decoding speed."",""Correct! Prior knowledge connects new information to existing understanding (schema), providing context for comprehension."",""Phonics speed is unrelated to background knowledge."",""Handwriting is a separate motor skill.""}",2,True
Q122,Skills & Processes,Developmental Literacy,How does syntax shape meaning?,"{""Determines pronunciation"",""Influences rhythm"",""Organizes ideas and emphasis"",""Adds imagery""}",2,"{""Pronunciation is determined by phonology, not syntax."",""While syntax can affect rhythm, its primary function is meaning organization."",""Correct! Sentence structure organizes ideas, determines emphasis, and affects how information is interpreted."",""Imagery comes from word choice (diction), not sentence structure.""}",3,True
Q123,Skills & Processes,Developmental Literacy,What's the main purpose of literacy assessment?,"{""Ranking students"",""Identifying learning needs and progress"",""Recording attendance"",""Rewarding effort""}",1,"{""Ranking can demotivate and doesn't guide instruction effectively."",""Correct! Assessment diagnoses strengths and needs, guiding targeted instruction and measuring growth."",""Attendance tracking is administrative, not instructional assessment."",""While recognition matters, assessment's primary purpose is diagnostic and instructional.""}",2,True
Q124,Skills & Processes,Developmental Literacy,Which element defines fluent reading?,"{""Slow, careful decoding"",""Smooth, accurate, expressive reading"",""Memorization of every word"",""Reading silently only""}",1,"{""Slow, careful reading indicates developing fluency, not fluent reading."",""Correct! Fluent reading is smooth, accurate, and expressive with appropriate pacing and prosody."",""Fluency involves automatic decoding, not memorization of all words."",""Fluency applies to both oral and silent reading.""}",2,True
Q125,Meaning & Communication,Language Functions in Context,Which best defines language register?,"{""Vocabulary level only"",""Sentence structure"",""Level of formality for audience and purpose"",""Tone of voice""}",2,"{""Register involves more than just vocabulary—it includes style and formality across all language elements."",""Sentence structure is one component but doesn't fully define register."",""Correct! Language register is the degree of formality adjusted for specific contexts, audiences, and purposes."",""Tone is related but distinct from register; register encompasses broader stylistic choices.""}",2,True
Q126,Meaning & Communication,Language Functions in Context,What does code-switching demonstrate?,"{""Poor grammar use"",""Flexibility in language based on audience"",""Avoidance of cultural norms"",""Memorization of word roots""}",1,"{""Code-switching is a sophisticated linguistic skill, not poor grammar."",""Correct! Code-switching shows linguistic flexibility and cultural awareness by adapting language to different situations and audiences."",""Code-switching actually demonstrates awareness and respect for cultural norms."",""Word roots relate to morphology, not code-switching.""}",2,True
Q127,Meaning & Communication,Language Functions in Context,What branch of linguistics studies meaning in context?,"{""Phonology"",""Morphology"",""Pragmatics"",""Semantics""}",2,"{""Phonology studies sound systems in language."",""Morphology examines word structure and formation."",""Correct! Pragmatics analyzes how context, speaker intent, and social factors influence meaning."",""Semantics studies meaning but doesn't emphasize context as pragmatics does.""}",3,True
Q128,Meaning & Communication,Language Functions in Context,Which sentence shows positive connotation?,"{""He's cheap."",""He's thrifty."",""He's stingy."",""He's miserly.""}",1,"{""'Cheap' has negative connotations of low quality or excessive frugality."",""Correct! 'Thrifty' has positive connotations of wise money management."",""'Stingy' has negative connotations of unwillingness to spend or share."",""'Miserly' has strongly negative connotations of excessive hoarding.""}",2,True
Q129,Meaning & Communication,Language Functions in Context,Denotation refers to a word's…,"{""Historical origin"",""Literal meaning"",""Figurative association"",""Emotional tone""}",1,"{""Etymology studies historical origins, not denotation."",""Correct! Denotation is the dictionary definition or literal meaning of a word."",""Figurative associations relate to connotation, not denotation."",""Emotional tone is part of connotation, not denotation.""}",2,True
Q130,Meaning & Communication,Effective Communication,Which is NOT a key component of communication?,"{""Sender"",""Message"",""Grammar"",""Feedback""}",2,"{""The sender initiates communication."",""The message is the content being communicated."",""Correct! While grammar aids clarity, it's not one of the six essential components of the communication process."",""Feedback allows the sender to gauge message reception.""}",2,True
Q131,Meaning & Communication,Effective Communication,Which quality ensures effective communication?,"{""Ambiguity"",""Clarity"",""Volume"",""Length""}",1,"{""Ambiguity obscures meaning and hinders communication."",""Correct! Clarity ensures the message is understood as intended."",""Volume is a delivery factor but doesn't guarantee effective communication."",""Length doesn't ensure effectiveness; conciseness is often preferable.""}",2,True
Q132,Meaning & Communication,Effective Communication,Tone is defined as…,"{""The emotional quality or attitude in language"",""The complexity of sentence structure"",""The literal meaning of a word"",""The rhythm of speech""}",0,"{""Correct! Tone reflects the speaker's or writer's attitude toward the subject and audience."",""Sentence complexity relates to syntax, not tone."",""Literal meaning is denotation, not tone."",""Rhythm relates to prosody, not tone (though they can work together).""}",2,True
Q133,Meaning & Communication,Effective Communication,Active listening means…,"{""Hearing and ignoring irrelevant details"",""Responding thoughtfully and showing understanding"",""Taking notes only"",""Finishing sentences for the speaker""}",1,"{""Active listening requires engagement with all content, not selective ignoring."",""Correct! Active listening involves full attention, comprehension, and meaningful response."",""Note-taking is one strategy but doesn't encompass active listening."",""Interrupting shows poor listening, not active engagement.""}",2,True
Q134,Meaning & Communication,Effective Communication,Nonverbal cues can…,"{""Only distract from meaning"",""Reinforce or contradict verbal messages"",""Replace written communication"",""Eliminate misunderstanding entirely""}",1,"{""Nonverbal cues enhance and clarify, not just distract."",""Correct! Nonverbal communication can support, emphasize, or contradict spoken words."",""Written communication serves different purposes; nonverbal cues complement but don't replace it."",""While helpful, nonverbal cues alone can't eliminate all misunderstanding.""}",2,True
Q135,Literature & Understanding,Literary Elements and Devices,Which is an example of situational irony?,"{""The reader knows the killer's identity before the detective does."",""A fire station burns down."",""A repeated vowel sound in poetry."",""The moral lesson of a story.""}",1,"{""This is dramatic irony, where the audience knows more than the characters."",""Correct! Situational irony occurs when the outcome contradicts expectations—a fire station should prevent fires, not burn."",""This describes assonance, a sound device, not irony."",""This describes theme or moral, not irony.""}",3,True
Q136,Literature & Understanding,Literary Elements and Devices,Symbolism adds meaning by…,"{""Simplifying description"",""Representing abstract ideas through concrete objects"",""Listing adjectives"",""Creating suspense""}",1,"{""Symbolism adds complexity, not simplification."",""Correct! Symbols use tangible objects to represent abstract concepts, adding layers of meaning."",""Listing adjectives is descriptive technique, not symbolism."",""While symbols can contribute to atmosphere, their primary function is representing deeper meaning.""}",2,True
Q137,Literature & Understanding,Literary Elements and Devices,A third-person limited narrator…,"{""Knows all characters' thoughts"",""Only knows one character's perspective"",""Uses 'you' to address the reader"",""Is part of the story's action""}",1,"{""Knowing all characters' thoughts describes third-person omniscient."",""Correct! Third-person limited provides insight into one character's mind while maintaining narrative distance."",""Using 'you' describes second-person point of view."",""Being part of the action describes first-person narration.""}",2,True
Q138,Literature & Understanding,Literary Elements and Devices,Conflict in a story is…,"{""The climax"",""The struggle between opposing forces"",""The exposition"",""The resolution""}",1,"{""The climax is the turning point, not the conflict itself."",""Correct! Conflict is the central struggle driving the plot, whether internal or external."",""Exposition provides background information."",""Resolution shows how the conflict is settled.""}",2,True
Q139,Literature & Understanding,Literary Elements and Devices,Theme is best described as…,"{""The moral lesson or universal truth of the story"",""The plot's main event"",""The story's timeline"",""The setting's location""}",0,"{""Correct! Theme is the underlying message or insight about life that the work explores."",""The main event is part of plot, not theme."",""Timeline relates to plot structure."",""Location is an element of setting, not theme.""}",2,True
Q140,Genre & Craft,Writing Techniques,Diction refers to…,"{""Sentence structure"",""Word choice"",""Figurative meaning"",""Dialogue pacing""}",1,"{""Sentence structure is syntax, not diction."",""Correct! Diction is the writer's selection and use of specific words to create meaning and tone."",""Figurative meaning involves literary devices like metaphor."",""Dialogue pacing relates to narrative structure.""}",2,True
Q141,Genre & Craft,Writing Techniques,Which sentence best shows imagery?,"{""He walked slowly."",""The sunlight spilled like honey across the table."",""She moved quickly."",""It was late.""}",1,"{""This is simple description without sensory detail."",""Correct! This creates vivid sensory experience through visual and metaphorical language."",""This states action without engaging the senses."",""This provides information without sensory detail.""}",2,True
Q142,Genre & Craft,Writing Techniques,An author's voice reflects…,"{""The plot's complexity"",""The writer's individual style and tone"",""The story's setting"",""The genre of the work""}",1,"{""Plot complexity is a structural choice, not voice."",""Correct! Voice is the distinctive personality and perspective that comes through the author's stylistic choices."",""Setting is a story element, not voice."",""Genre is a category; voice is individual to the writer.""}",2,True
Q143,Genre & Craft,Writing Techniques,Syntax primarily affects…,"{""Sentence rhythm and emphasis"",""Theme development"",""Characterization"",""Symbolism""}",0,"{""Correct! Syntax—the arrangement of words and phrases—shapes how sentences flow and what gets emphasized."",""Theme emerges from content and meaning, not sentence structure."",""Characterization involves personality development, not syntax."",""Symbolism uses objects for meaning, unrelated to syntax.""}",3,True
Q144,Genre & Craft,Writing Techniques,Tone in writing reveals…,"{""The author's attitude"",""The story's location"",""The text's theme"",""The rhythm of language""}",0,"{""Correct! Tone conveys the author's attitude toward the subject and audience through stylistic choices."",""Location is setting, not tone."",""Theme is the underlying message; tone is how it's expressed."",""Rhythm relates to syntax and sound patterns.""}",2,True
Q145,Literature & Understanding,Literary Analysis,Which best defines theme?,"{""Setting of the story"",""Sequence of events"",""Central message or universal idea"",""Character's motivation""}",2,"{""Setting provides the time and place, not the theme."",""Sequence of events describes plot, not theme."",""Correct! Theme is the underlying message or universal truth explored in the work."",""Motivation drives character actions but isn't the theme.""}",2,True
Q146,Literature & Understanding,Literary Analysis,Characterization is developed through…,"{""Dialogue, actions, and description"",""Setting only"",""Sentence structure"",""Theme repetition""}",0,"{""Correct! Authors reveal character through what characters say, do, think, and how they're described."",""Setting provides context but doesn't develop character."",""Sentence structure affects style, not characterization."",""Theme repetition reinforces meaning, not character development.""}",2,True
Q147,Literature & Understanding,Literary Analysis,Which is a recurring symbol or image that reinforces meaning?,"{""Motif"",""Plot"",""Tone"",""Foreshadowing""}",0,"{""Correct! A motif is a repeated element that develops and reinforces the theme."",""Plot is the sequence of events, not a recurring symbol."",""Tone is the author's attitude, not a recurring element."",""Foreshadowing hints at future events but isn't necessarily recurring.""}",2,True
Q148,Literature & Understanding,Literary Analysis,Tone reveals the author's…,"{""Mood"",""Attitude"",""Characterization"",""Diction""}",1,"{""Mood is the emotional atmosphere for readers, not the author's attitude."",""Correct! Tone expresses the author's attitude toward the subject and audience."",""Characterization develops characters, not tone."",""Diction (word choice) creates tone but isn't what tone reveals.""}",2,True
Q149,Literature & Understanding,Literary Analysis,Mood affects the…,"{""Reader's emotions"",""Author's perspective"",""Character's motivation"",""Sentence rhythm""}",0,"{""Correct! Mood creates the emotional atmosphere that influences how readers feel."",""Author's perspective relates to tone, not mood."",""Character motivation drives plot, not mood."",""Rhythm is a stylistic element, distinct from mood.""}",2,True
Q150,Literature & Understanding,Literary Analysis,Imagery appeals to…,"{""Grammar rules"",""The five senses"",""Symbolism"",""Syntax""}",1,"{""Grammar provides structure, not sensory experience."",""Correct! Imagery uses descriptive language that engages sight, sound, touch, taste, and smell."",""Symbolism uses objects for meaning; imagery creates sensory experience."",""Syntax is sentence structure, not sensory description.""}",2,True
Q151,Literature & Understanding,Literary Analysis,An allegory contains…,"{""Only figurative language"",""Both literal and symbolic meanings"",""One simple theme"",""Historical facts only""}",1,"{""Allegory uses multiple literary devices, not just figurative language."",""Correct! Allegory works on two levels: the surface story and its deeper symbolic meaning."",""Allegories often explore complex, multi-layered themes."",""While some allegories reference history, they're primarily symbolic narratives.""}",3,True
Q152,Literature & Understanding,Literary Analysis,Foreshadowing helps to…,"{""Create suspense and anticipation"",""Summarize past events"",""Reveal the moral"",""Confuse readers intentionally""}",0,"{""Correct! Foreshadowing plants clues that build anticipation for future events."",""Summarizing past events is exposition or flashback, not foreshadowing."",""Revealing morals is the function of theme or resolution."",""Good foreshadowing enhances understanding, not confusion.""}",2,True
Q153,Literature & Understanding,Literary Analysis,Conflict in literature functions to…,"{""Stall character development"",""Create action and reveal growth"",""Describe setting"",""Provide exposition""}",1,"{""Conflict drives development, not stalls it."",""Correct! Conflict generates plot tension and forces characters to change and grow."",""Setting description is separate from conflict's function."",""Exposition provides background; conflict creates tension.""}",2,True
Q154,Literature & Understanding,Literary Analysis,Diction influences…,"{""The story's rhyme"",""Tone and meaning"",""Theme repetition"",""Sentence count""}",1,"{""Rhyme relates to sound patterns in poetry, not diction's primary function."",""Correct! Word choice (diction) shapes both the tone and the precise meaning of the text."",""Motif creates repetition, not diction itself."",""Sentence count is unrelated to word choice.""}",2,True
Q155,Literature & Understanding,Literary Analysis,Which is an example of verbal irony?,"{""The opposite of what's said is meant"",""A surprise ending"",""Repetition of vowel sounds"",""A symbol representing an idea""}",0,"{""Correct! Verbal irony occurs when someone says the opposite of what they actually mean (like sarcasm)."",""A surprise ending may involve situational irony, not verbal."",""Repetition of vowel sounds is assonance, a sound device."",""This describes symbolism, not irony.""}",2,True
Q156,Literature & Understanding,Literary Analysis,Symbolism helps readers…,"{""Understand literal events only"",""Find deeper meaning in concrete details"",""Track dialogue"",""Identify tone shifts""}",1,"{""Symbolism adds layers beyond literal meaning."",""Correct! Symbols use concrete objects to represent abstract ideas and deeper themes."",""Dialogue tracking is a separate reading skill."",""Tone shifts are identified through diction and style changes.""}",2,True
Q157,Literature & Understanding,Literary Analysis,Plot is best defined as…,"{""The message of the story"",""The sequence of related events"",""The setting's location"",""The author's word choice""}",1,"{""The message is theme, not plot."",""Correct! Plot is the connected series of events that make up the narrative."",""Location is an element of setting."",""Word choice is diction.""}",2,True
Q158,Literature & Understanding,Literary Analysis,The climax of a story is…,"{""The turning point or moment of greatest tension"",""The introduction"",""The falling action"",""The resolution""}",0,"{""Correct! The climax is the story's peak moment where the main conflict reaches its highest intensity."",""The introduction is the exposition, beginning the story."",""Falling action follows the climax, leading to resolution."",""Resolution concludes the story after the climax.""}",2,True
Q159,Skills & Processes,Teaching and Assessment,Which is an example of formative assessment?,"{""Final exam"",""Weekly quiz"",""Report card grade"",""Standardized test""}",1,"{""Final exams are summative, measuring achievement at the end."",""Correct! Weekly quizzes provide ongoing feedback to guide instruction during the learning process."",""Report cards are summative evaluations."",""Standardized tests are summative measures of overall achievement.""}",2,True
Q160,Skills & Processes,Teaching and Assessment,Scaffolding helps students by…,"{""Increasing independent learning through gradual support removal"",""Assigning more homework"",""Memorizing vocabulary lists"",""Focusing on spelling drills only""}",0,"{""Correct! Scaffolding provides temporary support that's gradually withdrawn as students gain competence."",""More homework doesn't necessarily provide structured support."",""Memorization is one strategy, not scaffolding."",""Spelling drills are specific practice, not the scaffolding concept.""}",2,True
Q161,Skills & Processes,Teaching and Assessment,A rubric ensures…,"{""Subjective grading"",""Consistent and transparent evaluation"",""Faster essay grading only"",""Less teacher involvement""}",1,"{""Rubrics reduce subjectivity by providing clear criteria."",""Correct! Rubrics define expectations and standards, ensuring fair and consistent assessment."",""While rubrics may speed grading, their main purpose is consistency and clarity."",""Rubrics require thoughtful teacher design and application.""}",2,True
Q162,Skills & Processes,Teaching and Assessment,Fluency in reading includes…,"{""Memorizing text"",""Reading with accuracy, speed, and expression"",""Quiet reading only"",""Summarizing content""}",1,"{""Fluency involves decoding, not memorization."",""Correct! Fluent readers demonstrate accuracy, appropriate rate, and prosody (expression)."",""Fluency applies to both oral and silent reading."",""Summarizing demonstrates comprehension, not fluency.""}",2,True
Q163,Skills & Processes,Teaching and Assessment,Which stage comes first in the writing process?,"{""Revising"",""Editing"",""Prewriting"",""Publishing""}",2,"{""Revising comes after drafting."",""Editing comes near the end of the process."",""Correct! Prewriting includes brainstorming, planning, and organizing ideas before drafting."",""Publishing is the final stage.""}",2,True
Q164,Skills & Processes,Teaching and Assessment,Metacognition involves…,"{""Word memorization"",""Monitoring one's own understanding and strategy use"",""Copying notes"",""Listening silently""}",1,"{""Memorization is a learning strategy, not metacognition."",""Correct! Metacognition is awareness and regulation of one's own thinking processes."",""Copying is a mechanical task without reflective thinking."",""Passive listening doesn't involve metacognitive awareness.""}",3,True
Q165,Skills & Processes,Teaching and Assessment,The goal of peer review is to…,"{""Grade peers"",""Provide constructive feedback to improve writing"",""Eliminate grammar errors only"",""Replace teacher feedback""}",1,"{""Peers provide feedback, not grades."",""Correct! Peer review helps writers improve through constructive, specific feedback from classmates."",""While grammar matters, peer review addresses all aspects of writing."",""Peer review complements, not replaces, teacher feedback.""}",2,True
Q166,Skills & Processes,Teaching and Assessment,Differentiated instruction means…,"{""Teaching everyone the same way"",""Tailoring lessons to individual learning needs"",""Assigning extra credit"",""Reducing standards""}",1,"{""Differentiation involves varying instruction, not uniformity."",""Correct! Differentiated instruction adjusts teaching to meet diverse student needs, interests, and readiness levels."",""Extra credit is one strategy but doesn't define differentiation."",""Differentiation maintains high standards while varying approaches.""}",2,True
Q167,Skills & Processes,Teaching and Assessment,Summative assessments are used to…,"{""Adjust ongoing teaching"",""Provide mid-unit feedback"",""Evaluate overall achievement at the end of instruction"",""Record attendance""}",2,"{""Adjusting ongoing teaching is the purpose of formative assessment."",""Mid-unit feedback is formative, not summative."",""Correct! Summative assessments measure learning outcomes after instruction concludes."",""Attendance tracking is administrative, not assessment.""}",2,True
Q168,Skills & Processes,Teaching and Assessment,Reading conferences help teachers…,"{""Punish late readers"",""Discuss comprehension and growth individually"",""Avoid grading"",""Assign more work""}",1,"{""Conferences support learning, not punishment."",""Correct! Reading conferences provide individualized assessment and goal-setting opportunities."",""Conferences are a form of authentic assessment, not avoidance."",""While teachers may assign work, the purpose is individualized support.""}",2,True
Q301,Genre & Craft,Rhetorical Devices and Craft Techniques,Which device repeats initial consonant sounds?,"{""Assonance"",""Alliteration"",""Consonance"",""Parallelism""}",1,"{""Assonance repeats vowel sounds, not initial consonants."",""Correct! Alliteration is the repetition of initial consonant sounds in neighboring words."",""Consonance repeats consonant sounds at the end or middle of words."",""Parallelism refers to similar grammatical structures, not sound repetition.""}",1,False
Q302,Genre & Craft,Rhetorical Devices and Craft Techniques,The phrase 'The rain in Spain falls mainly on the plain' illustrates:,"{""Anaphora"",""Assonance"",""Metaphor"",""Juxtaposition""}",1,"{""Anaphora repeats words at the beginning of clauses, not vowel sounds."",""Correct! Assonance is the repetition of vowel sounds ('ai' sound) within words."",""This is not a metaphor; there's no comparison being made."",""Juxtaposition places contrasting elements side by side, which isn't present here.""}",1,False
Q303,Genre & Craft,Rhetorical Devices and Craft Techniques,Repetition of consonant sounds at the ends of words is called:,"{""Chiasmus"",""Consonance"",""Alliteration"",""Antithesis""}",1,"{""Chiasmus is inverted parallelism, not sound repetition."",""Correct! Consonance repeats consonant sounds at the end or middle of words."",""Alliteration repeats initial consonant sounds, not ending sounds."",""Antithesis contrasts ideas, not sound patterns.""}",1,False
Q304,Genre & Craft,Rhetorical Devices and Craft Techniques,Which rhetorical device repeats words at the beginning of successive clauses?,"{""Epistrophe"",""Chiasmus"",""Anaphora"",""Antithesis""}",2,"{""Epistrophe repeats words at the end of clauses, not the beginning."",""Chiasmus reverses grammatical structures, not simply repeats."",""Correct! Anaphora repeats words at the beginning of successive clauses."",""Antithesis contrasts ideas rather than repeating words.""}",2,False
Q305,Genre & Craft,Rhetorical Devices and Craft Techniques,Repetition at the end of successive clauses is called:,"{""Anaphora"",""Epistrophe"",""Chiasmus"",""Parallelism""}",1,"{""Anaphora repeats at the beginning, not the end."",""Correct! Epistrophe repeats words at the end of successive clauses."",""Chiasmus reverses structures rather than repeating at the end."",""Parallelism uses similar structures but doesn't specifically repeat at the end.""}",2,False
Q306,Genre & Craft,Rhetorical Devices and Craft Techniques,Which example demonstrates parallel structure?,"{""She likes reading, writing, and jogging."",""She likes reading and to jog."",""She likes to read and jogging."",""She likes reading then jog.""}",0,"{""Correct! All three items use the same grammatical form (gerunds)."",""Mixes gerund (reading) with infinitive (to jog) - not parallel."",""Mixes infinitive (to read) with gerund (jogging) - not parallel."",""Inconsistent verb forms - not parallel structure.""}",2,False
Q307,Genre & Craft,Rhetorical Devices and Craft Techniques,"'It was the best of times, it was the worst of times' illustrates:","{""Chiasmus"",""Antithesis"",""Juxtaposition"",""Litotes""}",1,"{""Chiasmus involves structural reversal, not present here."",""Correct! Antithesis places contrasting ideas (best/worst) in parallel structures."",""While contrasting, this specifically uses parallel structure, making it antithesis."",""Litotes affirms through negation, which isn't shown here.""}",2,False
Q308,Genre & Craft,Rhetorical Devices and Craft Techniques,'Never let a Fool Kiss You or a Kiss Fool You' is an example of:,"{""Chiasmus"",""Antithesis"",""Parallelism"",""Synecdoche""}",0,"{""Correct! Chiasmus reverses the word order (Fool Kiss / Kiss Fool)."",""Antithesis contrasts ideas but doesn't reverse structures."",""While parallel, the key feature is the reversal, making it chiasmus."",""Synecdoche uses parts for wholes, not relevant here.""}",3,False
Q309,Genre & Craft,Rhetorical Devices and Craft Techniques,Which compares two unlike things directly?,"{""Simile"",""Metaphor"",""Analogy"",""Euphemism""}",1,"{""Similes use 'like' or 'as' for comparison, not direct."",""Correct! Metaphors make direct comparisons without 'like' or 'as'."",""Analogies explain relationships, not direct comparisons."",""Euphemisms substitute mild terms, not comparisons.""}",1,False
Q310,Genre & Craft,Rhetorical Devices and Craft Techniques,'Her eyes sparkled like diamonds' is a:,"{""Simile"",""Metaphor"",""Hyperbole"",""Euphemism""}",0,"{""Correct! This uses 'like' to compare, making it a simile."",""Metaphors don't use 'like' or 'as'."",""While vivid, it's not an exaggeration."",""Euphemisms soften harsh terms, not relevant here.""}",1,False
Q311,Genre & Craft,Rhetorical Devices and Craft Techniques,'The wind whispered through the trees' uses:,"{""Irony"",""Hyperbole"",""Personification"",""Symbolism""}",2,"{""No ironic contrast between expectation and reality."",""This isn't an exaggeration."",""Correct! Wind is given the human quality of whispering."",""While potentially symbolic, the primary device is personification.""}",1,False
Q312,Genre & Craft,Rhetorical Devices and Craft Techniques,Which device exaggerates for emphasis?,"{""Hyperbole"",""Understatement"",""Litotes"",""Paradox""}",0,"{""Correct! Hyperbole deliberately exaggerates for effect."",""Understatement minimizes, opposite of exaggeration."",""Litotes affirms through negation, not exaggeration."",""Paradox presents contradictions, not exaggeration.""}",1,False
Q313,Genre & Craft,Rhetorical Devices and Craft Techniques,Calling a disastrous event 'a small setback' is:,"{""Paradox"",""Understatement"",""Euphemism"",""Metonymy""}",1,"{""Paradox involves contradictory truths, not minimization."",""Correct! Understatement deliberately minimizes significance."",""While mild, understatement is more specific than euphemism here."",""Metonymy substitutes related terms, not relevant.""}",2,False
Q314,Genre & Craft,Rhetorical Devices and Craft Techniques,'Jumbo shrimp' is an example of:,"{""Oxymoron"",""Paradox"",""Irony"",""Synecdoche""}",0,"{""Correct! Oxymoron combines contradictory terms (jumbo = large, shrimp = small)."",""Paradox reveals truth through contradiction, not just word pairing."",""While ironic, the specific device is oxymoron."",""Synecdoche uses parts for wholes, not relevant.""}",2,False
Q315,Genre & Craft,Rhetorical Devices and Craft Techniques,"'The more you learn, the less you know' expresses:","{""Paradox"",""Irony"",""Hyperbole"",""Chiasmus""}",0,"{""Correct! This paradox seems contradictory but reveals truth about knowledge."",""While containing irony, the primary device is paradox."",""Not an exaggeration, but a philosophical truth."",""Chiasmus reverses structure, not present here.""}",2,False
Q316,Genre & Craft,Rhetorical Devices and Craft Techniques,'Let's all give him a hand' uses a part for a whole:,"{""Metonymy"",""Synecdoche"",""Euphemism"",""Personification""}",1,"{""Metonymy substitutes associated terms, not parts for wholes."",""Correct! Synecdoche uses 'hand' (part) to represent applause (whole)."",""Euphemisms soften harsh terms, not relevant here."",""Personification gives human qualities to non-humans.""}",2,False
Q317,Genre & Craft,Rhetorical Devices and Craft Techniques,'The White House issued a statement' replaces an institution for people. This is:,"{""Synecdoche"",""Metonymy"",""Irony"",""Juxtaposition""}",1,"{""Synecdoche uses parts for wholes, not associations."",""Correct! Metonymy substitutes 'White House' (place) for the President/administration."",""No ironic contrast present."",""Juxtaposition places contrasting elements together.""}",2,False
Q318,Genre & Craft,Rhetorical Devices and Craft Techniques,'That's not bad at all' is an example of:,"{""Litotes"",""Euphemism"",""Understatement"",""Paradox""}",0,"{""Correct! Litotes affirms by denying the opposite ('not bad' = good)."",""Euphemisms soften harsh terms, not the same as negation."",""While understated, the specific device using negation is litotes."",""Paradox involves contradictions, not simple negation.""}",2,False
Q319,Genre & Craft,Rhetorical Devices and Craft Techniques,A rhetorical question is used to:,"{""Solicit a response"",""Confuse the audience"",""Emphasize a point"",""Transition to a new topic""}",2,"{""Rhetorical questions don't expect answers."",""They clarify rather than confuse."",""Correct! Rhetorical questions emphasize points without expecting answers."",""While they can transition, emphasis is the primary purpose.""}",1,False
Q320,Genre & Craft,Rhetorical Devices and Craft Techniques,"'O Death, where is thy sting?' demonstrates:","{""Apostrophe"",""Metonymy"",""Antithesis"",""Symbolism""}",0,"{""Correct! Apostrophe directly addresses Death as if it were present."",""Metonymy substitutes related terms, not direct address."",""Antithesis contrasts ideas, not present here."",""While Death may be symbolic, the device is apostrophe.""}",2,False
Q321,Genre & Craft,Rhetorical Devices and Craft Techniques,Placing 'love and hate' side by side for emphasis is:,"{""Juxtaposition"",""Parallelism"",""Chiasmus"",""Euphemism""}",0,"{""Correct! Juxtaposition places contrasting elements together for emphasis."",""Parallelism uses similar structures, but the emphasis here is on contrast."",""Chiasmus reverses structure, not simply contrasting."",""Euphemisms soften harsh terms, not relevant.""}",2,False
Q322,Genre & Craft,Rhetorical Devices and Craft Techniques,The contrast between what's expected and what occurs defines:,"{""Irony"",""Paradox"",""Hyperbole"",""Symbolism""}",0,"{""Correct! Irony is the contrast between expectation and reality."",""Paradox reveals truth through seeming contradiction."",""Hyperbole exaggerates, not about expectations."",""Symbolism represents abstract ideas, not expectations.""}",2,False
Q323,Genre & Craft,Rhetorical Devices and Craft Techniques,"When an author repeats similar grammatical forms, they're using:","{""Parallelism"",""Anaphora"",""Chiasmus"",""Antithesis""}",0,"{""Correct! Parallelism uses similar grammatical structures."",""Anaphora specifically repeats words at the beginning, not just structure."",""Chiasmus reverses structure rather than repeating it."",""Antithesis contrasts ideas, not just structure.""}",2,False
Q324,Genre & Craft,Rhetorical Devices and Craft Techniques,Which device intentionally softens harsh realities?,"{""Euphemism"",""Irony"",""Paradox"",""Understatement""}",0,"{""Correct! Euphemisms replace harsh terms with milder alternatives."",""Irony contrasts expectations, doesn't soften."",""Paradox presents contradictions, doesn't soften."",""Understatement minimizes but doesn't specifically soften harsh terms.""}",1,False
Q325,Genre & Craft,Rhetorical Devices and Craft Techniques,Diction contributes most directly to a text's:,"{""Setting"",""Tone"",""Theme"",""Conflict""}",1,"{""Setting involves time and place, not word choice."",""Correct! Diction (word choice) directly creates and shapes tone."",""Theme is the central idea, influenced by many elements."",""Conflict is the struggle, not directly determined by diction.""}",1,False
Q301,Meaning & Communication,"Language Development, Second Language Acquisition, and Word Formation",Krashen's theory stating learners need input slightly above their level is called:,"{""Input Hypothesis"",""Output Hypothesis"",""Monitor Model"",""Transfer Theory""}",0,"{""Correct! The Input Hypothesis (i+1) states learners acquire language when exposed to comprehensible input just beyond their current level."",""Output Hypothesis emphasizes language production, not input."",""Monitor Model is Krashen's broader framework, not specifically about input levels."",""Transfer Theory addresses L1 influence, not input complexity.""}",2,False
Q302,Meaning & Communication,"Language Development, Second Language Acquisition, and Word Formation",The emotional factor that can block language learning is known as:,"{""Critical Period"",""Affective Filter"",""Natural Order"",""Code-Switching""}",1,"{""Critical Period refers to optimal age for language acquisition."",""Correct! The Affective Filter represents emotional barriers (anxiety, low motivation) that prevent input from being acquired."",""Natural Order describes the sequence of grammar acquisition."",""Code-Switching is alternating between languages, not an emotional barrier.""}",2,False
Q303,Meaning & Communication,"Language Development, Second Language Acquisition, and Word Formation",Which strategy best supports students developing academic language (CALP)?,"{""Playground talk"",""Scaffolded discussion using academic vocabulary"",""Total Physical Response"",""Peer imitation""}",1,"{""Playground talk develops BICS, not CALP."",""Correct! Scaffolded academic discussions with explicit vocabulary instruction build CALP."",""TPR is effective for comprehension but doesn't target academic language specifically."",""Peer imitation may support social language but doesn't ensure academic language development.""}",2,False
Q304,Meaning & Communication,"Language Development, Second Language Acquisition, and Word Formation",A teacher gives clear examples of how to form past tense before student practice. This is:,"{""Modeling"",""Drilling"",""Code-switching"",""Translation""}",0,"{""Correct! Modeling demonstrates correct language use before students attempt it independently."",""Drilling involves repetitive practice, not initial demonstration."",""Code-switching is language alternation, not instructional demonstration."",""Translation converts meaning between languages, not demonstrating form.""}",1,False
Q305,Meaning & Communication,"Language Development, Second Language Acquisition, and Word Formation",Pairing language commands with movement is part of:,"{""Silent Way"",""Direct Method"",""Total Physical Response"",""Communicative Approach""}",2,"{""Silent Way minimizes teacher talk, doesn't emphasize movement."",""Direct Method uses target language only, but doesn't focus on physical response."",""Correct! TPR uses physical actions to reinforce language meaning and comprehension."",""Communicative Approach emphasizes interaction, not specifically movement.""}",1,False
Q306,Meaning & Communication,"Language Development, Second Language Acquisition, and Word Formation",Waiting several seconds before calling on ELL students improves:,"{""Grammar"",""Processing time"",""Pronunciation"",""Fluency""}",1,"{""Wait time doesn't directly teach grammar."",""Correct! Wait time gives ELLs processing time to think, translate internally, and formulate responses."",""Pronunciation requires different interventions."",""While helpful, the primary benefit is processing time, not immediate fluency.""}",1,False
Q307,Meaning & Communication,"Language Development, Second Language Acquisition, and Word Formation",Basic Interpersonal Communication Skills (BICS) differ from CALP because they:,"{""Require academic vocabulary"",""Develop more slowly"",""Are used in social settings"",""Depend on grammar rules""}",2,"{""BICS uses everyday vocabulary, not academic vocabulary."",""BICS develops faster (1-2 years) than CALP (5-7 years)."",""Correct! BICS is conversational, context-embedded language used in social situations."",""Both require grammar, but BICS is less formal and academic.""}",2,False
Q308,Meaning & Communication,"Language Development, Second Language Acquisition, and Word Formation","When a Spanish-speaking student writes 'espectator' for 'spectator,' this reflects:","{""Language transfer"",""Code-switching"",""Fossilization"",""Overgeneralization""}",0,"{""Correct! Language transfer occurs when L1 patterns influence L2 production (Spanish 'espectador' → 'espectator')."",""Code-switching is intentional alternation between languages, not an error."",""Fossilization is persistent incorrect forms despite instruction."",""Overgeneralization applies learned rules too broadly, not L1 influence.""}",2,False
Q309,Meaning & Communication,"Language Development, Second Language Acquisition, and Word Formation",Teachers can support second language acquisition most effectively by:,"{""Focusing only on grammar"",""Providing comprehensible input and context"",""Avoiding visuals"",""Limiting peer interaction""}",1,"{""Grammar focus alone doesn't ensure communicative competence."",""Correct! Comprehensible input with rich context supports natural acquisition."",""Visuals are essential supports for ELLs."",""Peer interaction builds communicative competence.""}",1,False
Q310,Meaning & Communication,"Language Development, Second Language Acquisition, and Word Formation",Encouraging peer collaboration and discussion builds:,"{""Morphology"",""Communicative competence"",""Syntax"",""Phonemic awareness""}",1,"{""Morphology is word structure, not built primarily through discussion."",""Correct! Collaboration develops the ability to use language appropriately in social contexts."",""Syntax benefits, but communicative competence is the broader outcome."",""Phonemic awareness involves sound manipulation, not discussion.""}",2,False
Q311,Meaning & Communication,"Language Development, Second Language Acquisition, and Word Formation",An affix attached to the beginning of a word is called a:,"{""Suffix"",""Prefix"",""Root"",""Stem""}",1,"{""Suffixes attach at the end."",""Correct! Prefixes attach at the beginning (un-, re-, pre-)."",""Roots are the base meaning units."",""Stems are bases to which affixes attach.""}",1,False
Q312,Meaning & Communication,"Language Development, Second Language Acquisition, and Word Formation",Which term means an affix added to the end of a root?,"{""Prefix"",""Suffix"",""Inflection"",""Stem""}",1,"{""Prefixes attach at the beginning."",""Correct! Suffixes attach at the end (-ness, -tion, -ly)."",""Inflection is a type of suffix, but suffix is the general term."",""Stems are not affixes.""}",1,False
Q313,Meaning & Communication,"Language Development, Second Language Acquisition, and Word Formation",Which suffix changes a verb to a noun?,"{""-ize"",""-tion"",""-ful"",""-ous""}",1,"{""-ize creates verbs from nouns/adjectives."",""Correct! -tion creates nouns from verbs (act → action)."",""-ful creates adjectives from nouns."",""-ous creates adjectives from nouns.""}",1,False
Q314,Meaning & Communication,"Language Development, Second Language Acquisition, and Word Formation",The suffix '-ize' typically forms:,"{""Nouns"",""Verbs"",""Adjectives"",""Adverbs""}",1,"{""Nouns are formed by -tion, -ness, -ment."",""Correct! -ize forms verbs (modern → modernize)."",""Adjectives use -ful, -ous, -able."",""Adverbs use -ly.""}",1,False
Q315,Meaning & Communication,"Language Development, Second Language Acquisition, and Word Formation",The suffix '-ous' turns a noun into an:,"{""Adjective"",""Verb"",""Adverb"",""Pronoun""}",0,"{""Correct! -ous creates adjectives (danger → dangerous)."",""-ize, -en, -ify create verbs."",""-ly typically creates adverbs."",""Pronouns are not formed with suffixes.""}",1,False
Q316,Meaning & Communication,"Language Development, Second Language Acquisition, and Word Formation",Which classroom activity best supports morphological awareness?,"{""Memorizing spelling lists"",""Sorting words by affixes"",""Copying sentences"",""Reciting rhymes""}",1,"{""Memorization doesn't build awareness of word structure."",""Correct! Sorting by affixes helps students analyze and understand word parts."",""Copying doesn't emphasize morphological analysis."",""Rhymes support phonological awareness, not morphological.""}",2,False
Q317,Meaning & Communication,"Language Development, Second Language Acquisition, and Word Formation",Which morpheme type changes word meaning but not grammatical role?,"{""Inflectional"",""Derivational"",""Compound"",""Bound root""}",1,"{""Inflectional morphemes indicate grammar (tense, number) without changing meaning."",""Correct! Derivational morphemes create new words and meanings (happy → happiness)."",""Compounds combine two words, not morphemes."",""Bound roots don't change meaning, they carry core meaning.""}",2,False
Q318,Meaning & Communication,"Language Development, Second Language Acquisition, and Word Formation",Adding '-ed' to indicate past tense is an example of a:,"{""Derivational morpheme"",""Inflectional morpheme"",""Prefix"",""Suffix root""}",1,"{""Derivational morphemes change word class or meaning."",""Correct! Inflectional morphemes mark grammar (tense, number, comparison) without changing word class."",""Prefixes attach at the beginning."",""This is an inflectional suffix, not a root.""}",1,False
Q319,Meaning & Communication,"Language Development, Second Language Acquisition, and Word Formation",Students comparing English and Spanish word endings practice:,"{""Syntax"",""Metalinguistic awareness"",""Fluency"",""Phonology""}",1,"{""Syntax is sentence structure, not word analysis."",""Correct! Metalinguistic awareness is consciously thinking about language structures."",""Fluency is speed and accuracy, not language analysis."",""Phonology is sound systems, not morphology.""}",2,False
Q320,Meaning & Communication,"Language Development, Second Language Acquisition, and Word Formation","A classroom focused on conversation, gestures, and visual aids demonstrates:","{""Grammar-Translation"",""Communicative approach"",""Audio-lingual method"",""Direct method""}",1,"{""Grammar-Translation emphasizes written translation and explicit grammar."",""Correct! The Communicative approach emphasizes meaningful interaction and context."",""Audio-lingual method focuses on drills and repetition."",""Direct method uses target language only, without emphasizing visuals/gestures as much.""}",2,False
Q321,Meaning & Communication,"Language Development, Second Language Acquisition, and Word Formation",Teachers lower the affective filter by:,"{""Increasing test frequency"",""Creating a supportive environment"",""Correcting every error publicly"",""Reducing peer interaction""}",1,"{""Frequent testing can raise anxiety."",""Correct! A supportive, low-anxiety environment lowers the affective filter and promotes acquisition."",""Public correction raises anxiety."",""Peer interaction supports language development.""}",1,False
Q322,Meaning & Communication,"Language Development, Second Language Acquisition, and Word Formation",Providing sentence frames such as 'I think ___ because ___' helps students:,"{""Build syntax and academic discourse"",""Practice phonics"",""Drill pronunciation"",""Avoid code-switching""}",0,"{""Correct! Sentence frames scaffold academic language structure and reasoning."",""Phonics involves sound-letter relationships, not sentence structure."",""Pronunciation is separate from sentence structure."",""Sentence frames support language use, not eliminate code-switching.""}",2,False
Q323,Meaning & Communication,"Language Development, Second Language Acquisition, and Word Formation","When teachers explicitly discuss word roots and affixes, they develop:","{""Morphological awareness"",""Phonemic fluency"",""Syntactic transfer"",""Listening comprehension""}",0,"{""Correct! Discussing roots and affixes builds morphological awareness—understanding word structure."",""Phonemic fluency involves sound manipulation, not word parts."",""Syntactic transfer refers to sentence structure influence from L1."",""Listening comprehension requires different strategies.""}",2,False
Q324,Meaning & Communication,"Language Development, Second Language Acquisition, and Word Formation",Suffixes that form nouns often end in:,"{""-able, -ous"",""-ize, -ify"",""-ness, -tion"",""-ed, -ing""}",2,"{""-able and -ous form adjectives."",""-ize and -ify form verbs."",""Correct! -ness and -tion are common noun-forming suffixes."",""-ed and -ing are inflectional suffixes.""}",1,False
Q325,Meaning & Communication,"Language Development, Second Language Acquisition, and Word Formation",The best way to help ELLs develop academic vocabulary is to:,"{""Give bilingual dictionaries"",""Use context-rich content lessons"",""Simplify all reading"",""Limit talk time""}",1,"{""Dictionaries are helpful but don't build deep understanding."",""Correct! Context-rich lessons provide meaningful exposure and use of academic vocabulary."",""Simplifying prevents exposure to academic language."",""Talk time is essential for language development.""}",2,False
Q326,Meaning & Communication,"Development of English Language, Borrowings, and Regional Variation",Which era of English followed the Norman Conquest and saw major French influence?,"{""Old English"",""Middle English"",""Modern English"",""Contemporary English""}",1,"{""Old English (450-1100) predates the Norman Conquest."",""Correct! Middle English (1100-1500) developed after the Norman Conquest brought French vocabulary into English."",""Modern English came later, from 1500 onward."",""Contemporary English is not a standard periodization term.""}",2,False
Q327,Meaning & Communication,"Development of English Language, Borrowings, and Regional Variation",Which event greatly affected vowel pronunciation between 1400–1600?,"{""The Great Schism"",""Industrial Revolution"",""Great Vowel Shift"",""Norman Conquest""}",2,"{""The Great Schism was a religious division, not a linguistic change."",""The Industrial Revolution occurred later (1760-1840) and affected society, not pronunciation."",""Correct! The Great Vowel Shift changed how long vowels were pronounced, creating spelling-pronunciation mismatches."",""The Norman Conquest (1066) affected vocabulary but not this specific vowel change.""}",3,False
Q328,Meaning & Communication,"Development of English Language, Borrowings, and Regional Variation",The Renaissance and Shakespeare contributed to the rise of:,"{""Old English"",""Early Modern English"",""Middle English"",""Contemporary English""}",1,"{""Old English ended around 1100 CE."",""Correct! Early Modern English (1500-1800) includes the Renaissance, Shakespeare, and early standardization."",""Middle English ended around 1500 CE."",""Contemporary English came later.""}",2,False
Q329,Meaning & Communication,"Development of English Language, Borrowings, and Regional Variation","A word adopted directly from another language, such as 'ballet', is called a:","{""Calque"",""Loanword"",""Creole"",""Derivation""}",1,"{""Calques translate structure, not adopt words directly."",""Correct! A loanword is borrowed unchanged from another language (ballet, piano, café)."",""Creole is a type of language, not a borrowed word."",""Derivation creates new words from existing roots, not borrowing.""}",1,False
Q330,Meaning & Communication,"Development of English Language, Borrowings, and Regional Variation",A word-for-word translation of a foreign phrase is known as a:,"{""Pidgin"",""Calque"",""Borrowing"",""Neologism""}",1,"{""Pidgin is a simplified contact language, not a translation method."",""Correct! A calque translates the structure literally (skyscraper = gratte-ciel)."",""Borrowing is general; calque is specifically literal translation."",""Neologism is a newly coined word.""}",2,False
Q331,Meaning & Communication,"Development of English Language, Borrowings, and Regional Variation",The study of word origins and their historical changes is called:,"{""Etymology"",""Morphology"",""Phonology"",""Syntax""}",0,"{""Correct! Etymology studies word origins and semantic evolution."",""Morphology studies word structure."",""Phonology studies sound systems."",""Syntax studies sentence structure.""}",1,False
Q332,Meaning & Communication,"Development of English Language, Borrowings, and Regional Variation",A simplified communication system between speakers of different languages is called a:,"{""Pidgin"",""Creole"",""Dialect"",""Sociolect""}",0,"{""Correct! Pidgins are simplified contact languages with no native speakers."",""Creoles evolve from pidgins when they gain native speakers."",""Dialects are varieties of a single language."",""Sociolects are social varieties.""}",2,False
Q333,Meaning & Communication,"Development of English Language, Borrowings, and Regional Variation","A stable, fully developed language that evolved from a pidgin is known as a:","{""Dialect"",""Creole"",""Idiolect"",""Sociolect""}",1,"{""Dialects are regional/social varieties, not evolved pidgins."",""Correct! Creoles develop when pidgins gain native speakers and expand grammatically."",""Idiolects are individual speech patterns."",""Sociolects are social group varieties.""}",2,False
Q334,Meaning & Communication,"Development of English Language, Borrowings, and Regional Variation",Which of the following best defines 'dialect'?,"{""A social language register"",""A simplified communication form"",""A regional or social language variety"",""A new language created from two others""}",2,"{""Register refers to formality level, not dialect."",""This describes pidgin, not dialect."",""Correct! Dialects are systematic regional or social varieties of a language."",""This describes a creole or mixed language.""}",1,False
Q335,Meaning & Communication,"Development of English Language, Borrowings, and Regional Variation",An individual's unique way of speaking is referred to as their:,"{""Sociolect"",""Dialect"",""Idiolect"",""Register""}",2,"{""Sociolect is group-based, not individual."",""Dialect is regional/social, not individual."",""Correct! Idiolect is an individual's unique linguistic fingerprint."",""Register is formality level, not individual style.""}",2,False
Q336,Meaning & Communication,"Development of English Language, Borrowings, and Regional Variation",Language associated with specific social groups or classes is called a:,"{""Pidgin"",""Sociolect"",""Dialect"",""Register""}",1,"{""Pidgin is a contact language, not a social variety."",""Correct! Sociolect reflects social class, education, or group membership."",""Dialect is regional, not specifically social."",""Register is formality level.""}",2,False
Q337,Meaning & Communication,"Development of English Language, Borrowings, and Regional Variation",Which statement best defines slang?,"{""A fixed formal register"",""A type of professional jargon"",""Informal language used for identity or novelty"",""Words borrowed from Latin""}",2,"{""Slang is informal, not formal."",""Jargon is specialized; slang is broader and more informal."",""Correct! Slang is informal, group-specific, and evolves rapidly."",""Latin borrowings are not necessarily slang.""}",1,False
Q338,Meaning & Communication,"Development of English Language, Borrowings, and Regional Variation",The phrase 'cool' meaning 'good' or 'stylish' is an example of:,"{""A regionalism"",""A neologism"",""Slang"",""Borrowing""}",2,"{""Not limited to one region."",""It's not newly coined, but repurposed."",""Correct! 'Cool' for 'good' is informal slang that emerged mid-20th century."",""It's not borrowed from another language.""}",1,False
Q339,Meaning & Communication,"Development of English Language, Borrowings, and Regional Variation",The word 'rodeo' entered English from:,"{""German"",""Spanish"",""French"",""Italian""}",1,"{""German did not contribute 'rodeo.'"",""Correct! 'Rodeo' comes from Spanish, reflecting cultural exchange in the American West."",""Not from French."",""Not from Italian.""}",2,False
Q340,Meaning & Communication,"Development of English Language, Borrowings, and Regional Variation",Variation between 'pop' and 'soda' across U.S. regions demonstrates:,"{""Morphology"",""Lexical variation"",""Phonemic drift"",""Idiolect""}",1,"{""Morphology is word structure, not regional word choice."",""Correct! Lexical variation means different words for the same thing in different regions."",""Phonemic drift is sound change over time."",""Idiolect is individual, not regional.""}",2,False
Q201,Literature & Understanding,"Language Acquisition, Transfer, and Cross-Curricular Language Development",Which theory emphasizes imitation and reinforcement in language learning?,"{""Behaviorist"",""Nativist"",""Interactionist"",""Cognitive""}",0,"{""Correct! Behaviorist theory (Skinner) views language as learned through imitation, practice, and reinforcement."",""Nativist theory emphasizes innate biological capacity, not imitation."",""Interactionist theory focuses on social interaction, not just imitation."",""Cognitive theory links language to mental development, not conditioning.""}",2,False
Q202,Literature & Understanding,"Language Acquisition, Transfer, and Cross-Curricular Language Development",A child says 'I goed to the park.' This shows:,"{""Telegraphic speech"",""Overgeneralization"",""Interlanguage"",""Code-switching""}",1,"{""Telegraphic speech omits function words, not applies rules incorrectly."",""Correct! Overgeneralization applies the regular past tense rule (-ed) to irregular verbs, showing rule learning."",""Interlanguage is specific to L2 learners, not L1 development."",""Code-switching alternates between languages, not relevant here.""}",1,False
Q203,Literature & Understanding,"Language Acquisition, Transfer, and Cross-Curricular Language Development",Which theory claims humans are born with a Language Acquisition Device?,"{""Interactionist"",""Behaviorist"",""Nativist"",""Sociocultural""}",2,"{""Interactionist emphasizes social interaction, not innate devices."",""Behaviorist focuses on learned behavior, not biological endowment."",""Correct! Nativist theory (Chomsky) proposes an innate LAD that enables language acquisition."",""Sociocultural emphasizes cultural context, not biological structures.""}",2,False
Q204,Literature & Understanding,"Language Acquisition, Transfer, and Cross-Curricular Language Development",Language learning occurring through social interaction reflects:,"{""Interactionist Theory"",""Behaviorist Theory"",""Cognitive Theory"",""Innate Hypothesis""}",0,"{""Correct! Interactionist theory emphasizes that language develops through meaningful social interaction."",""Behaviorist focuses on imitation/reinforcement, not social meaning-making."",""Cognitive theory links language to mental development, not specifically social interaction."",""Innate Hypothesis (nativist) emphasizes biological capacity, not interaction.""}",2,False
Q205,Literature & Understanding,"Language Acquisition, Transfer, and Cross-Curricular Language Development",The belief that early childhood is the most effective period for language learning supports the:,"{""Critical Period Hypothesis"",""Monitor Model"",""Input Hypothesis"",""Communicative Approach""}",0,"{""Correct! The Critical Period Hypothesis states language acquisition is easiest during childhood before brain plasticity declines."",""Monitor Model addresses conscious language learning, not age factors."",""Input Hypothesis focuses on comprehensible input, not developmental timing."",""Communicative Approach is a teaching method, not a developmental theory.""}",2,False
Q206,Literature & Understanding,"Language Acquisition, Transfer, and Cross-Curricular Language Development",An English learner using Spanish grammar patterns in English speech demonstrates:,"{""Positive transfer"",""Negative transfer"",""Fossilization"",""Code-mixing""}",1,"{""Positive transfer helps learning through similarities, not creates errors."",""Correct! Negative transfer (interference) occurs when L1 patterns cause errors in L2."",""Fossilization is persistent errors despite instruction, not initial transfer."",""Code-mixing blends languages intentionally, not creates grammar errors.""}",2,False
Q207,Literature & Understanding,"Language Acquisition, Transfer, and Cross-Curricular Language Development","When similarities between two languages aid learning, this is:","{""Positive transfer"",""Negative transfer"",""Interlanguage"",""Code-switching""}",0,"{""Correct! Positive transfer occurs when L1-L2 similarities facilitate learning (e.g., cognates)."",""Negative transfer causes difficulties, not aids learning."",""Interlanguage is the learner's evolving system, not the transfer itself."",""Code-switching alternates languages, not transfer of patterns.""}",1,False
Q208,Literature & Understanding,"Language Acquisition, Transfer, and Cross-Curricular Language Development",The transitional system combining elements of L1 and L2 is called:,"{""Code-switching"",""Interlanguage"",""Pidgin"",""Register""}",1,"{""Code-switching alternates between complete languages."",""Correct! Interlanguage is the learner's evolving linguistic system between L1 and L2."",""Pidgin is a contact language between groups, not individual learner language."",""Register is formality level, not a developmental system.""}",2,False
Q209,Literature & Understanding,"Language Acquisition, Transfer, and Cross-Curricular Language Development",Which approach emphasizes all four language domains in lessons?,"{""Integrative Language Teaching"",""Grammar-Translation"",""Audio-Lingual"",""Direct Method""}",0,"{""Correct! Integrative Language Teaching combines listening, speaking, reading, and writing in meaningful contexts."",""Grammar-Translation focuses on written translation, not all skills."",""Audio-Lingual emphasizes drilling and repetition, not integration."",""Direct Method uses target language only but doesn't necessarily integrate all skills.""}",2,False
Q210,Literature & Understanding,"Language Acquisition, Transfer, and Cross-Curricular Language Development",Students discussing solutions collaboratively to construct meaning exhibit:,"{""Collaborative Dialogue"",""Direct Instruction"",""Behavioral Conditioning"",""Drill and Practice""}",0,"{""Correct! Collaborative dialogue involves students negotiating meaning through peer interaction."",""Direct instruction is teacher-led, not student-centered discussion."",""Behavioral conditioning involves reinforcement, not collaborative meaning-making."",""Drill and practice is repetitive, not collaborative or meaning-focused.""}",1,False
Q211,Literature & Understanding,"Language Acquisition, Transfer, and Cross-Curricular Language Development",Which best describes the link between language arts and other subjects?,"{""They are unrelated"",""Language arts reinforce cognitive skills across subjects"",""Math and science develop separately"",""Reading skills hinder science vocabulary""}",1,"{""Language and content are deeply interconnected."",""Correct! Language arts skills (reading, writing, discussion) support learning across all disciplines."",""All subjects require and develop language skills."",""Reading skills support, not hinder, content vocabulary.""}",2,False
Q212,Literature & Understanding,"Language Acquisition, Transfer, and Cross-Curricular Language Development",Teachers promoting 'language across the curriculum' encourage:,"{""Grammar worksheets"",""Writing and discussion in all content areas"",""Oral reading only in English"",""Reducing subject vocabulary""}",1,"{""Grammar worksheets are isolated skill practice, not curriculum integration."",""Correct! Language across the curriculum integrates reading, writing, and speaking into all subjects."",""Not limited to oral reading or English class."",""Should expand, not reduce, vocabulary across subjects.""}",2,False
Q213,Literature & Understanding,"Language Acquisition, Transfer, and Cross-Curricular Language Development",Vygotsky's concept describing the range where learning occurs with support is:,"{""Critical Period"",""Zone of Proximal Development"",""Behavioral Conditioning"",""Interlanguage Stage""}",1,"{""Critical Period refers to optimal age for language acquisition."",""Correct! ZPD is the gap between independent and supported performance where learning happens."",""Behavioral conditioning is Skinner's concept, not Vygotsky's."",""Interlanguage is Selinker's concept for L2 learners.""}",2,False
Q214,Literature & Understanding,"Language Acquisition, Transfer, and Cross-Curricular Language Development","When students apply reading comprehension strategies in history class, they demonstrate:","{""Interlanguage"",""Disciplinary literacy"",""Negative transfer"",""Code-switching""}",1,"{""Interlanguage relates to L2 learning, not content literacy."",""Correct! Disciplinary literacy applies reading/writing strategies specific to content areas."",""Negative transfer causes errors, not strategy application."",""Code-switching alternates languages, not applies strategies.""}",2,False
Q215,Literature & Understanding,"Language Acquisition, Transfer, and Cross-Curricular Language Development",Which supports language acquisition through peer modeling and feedback?,"{""Silent reading"",""Collaborative dialogue"",""Dictation"",""Grammar translation""}",1,"{""Silent reading lacks peer interaction."",""Correct! Collaborative dialogue promotes language through peer interaction, modeling, and feedback."",""Dictation is teacher-directed, not peer-based."",""Grammar translation focuses on written work, not peer communication.""}",1,False
Q216,Literature & Understanding,"Language Acquisition, Transfer, and Cross-Curricular Language Development",A teacher emphasizing content vocabulary like 'hypothesis' and 'variable' supports:,"{""Academic language"",""Informal language"",""Dialect variation"",""Interlanguage""}",0,"{""Correct! Academic language includes subject-specific vocabulary and formal discourse structures."",""These are formal academic terms, not informal language."",""Dialect variation is regional/social, not academic vocabulary."",""Interlanguage is L2 learner language, not academic vocabulary instruction.""}",1,False
Q217,Literature & Understanding,"Language Acquisition, Transfer, and Cross-Curricular Language Development",Students comparing English idioms with ones in their native language practice:,"{""Syntax transfer"",""Cross-linguistic connections"",""Phonemic decoding"",""Rote learning""}",1,"{""Syntax transfer relates to sentence structure, not vocabulary comparison."",""Correct! Cross-linguistic connections leverage knowledge across languages to deepen understanding."",""Phonemic decoding is sound-letter relationships, not idiom comparison."",""Rote learning is memorization without understanding.""}",2,False
Q218,Literature & Understanding,"Language Acquisition, Transfer, and Cross-Curricular Language Development",Which instructional practice best develops metacognitive reading skills?,"{""Silent reading logs"",""Think-aloud modeling"",""Dictation practice"",""Listening tests""}",1,"{""Silent reading logs track reading but don't model metacognition."",""Correct! Think-aloud modeling explicitly demonstrates comprehension monitoring and strategy use."",""Dictation doesn't develop metacognitive awareness."",""Listening tests assess, not develop, metacognition.""}",2,False
Q219,Literature & Understanding,"Language Acquisition, Transfer, and Cross-Curricular Language Development",A student writes 'She no like apples.' This shows:,"{""Code-switching"",""Negative transfer"",""Fossilization"",""Overgeneralization""}",1,"{""Code-switching alternates complete languages, not creates errors."",""Correct! Negative transfer from Spanish (no auxiliary verb needed) causes this English error."",""Fossilization is persistent errors despite instruction, not initial transfer."",""Overgeneralization applies learned rules too broadly, not L1 interference.""}",2,False
Q220,Literature & Understanding,"Language Acquisition, Transfer, and Cross-Curricular Language Development","Integrating reading, writing, speaking, and listening into science lessons supports:","{""Language across the curriculum"",""Grammar immersion"",""Phonemic awareness"",""Spelling transfer""}",0,"{""Correct! Language across the curriculum integrates literacy skills into all subject areas."",""Grammar immersion isn't a recognized approach."",""Phonemic awareness is specific to sound-letter relationships."",""Spelling transfer relates to word patterns, not cross-curricular integration.""}",2,False
Q221,Literature & Understanding,"Language Acquisition, Transfer, and Cross-Curricular Language Development",Which describes students using both Spanish and English within a conversation?,"{""Interlanguage"",""Code-mixing"",""Negative transfer"",""Pidgin""}",1,"{""Interlanguage is a learner's evolving system, not mixing languages in speech."",""Correct! Code-mixing blends elements from two languages within discourse."",""Negative transfer causes errors, not intentional mixing."",""Pidgin is a simplified contact language, not bilingual mixing.""}",2,False
Q222,Literature & Understanding,"Language Acquisition, Transfer, and Cross-Curricular Language Development",The teacher gradually removing supports as students gain independence is:,"{""Direct instruction"",""Scaffolding"",""Translation"",""Immersion""}",1,"{""Direct instruction is explicit teaching, not gradual release."",""Correct! Scaffolding provides temporary support that's gradually removed as competence grows."",""Translation converts between languages, not provides instructional support."",""Immersion surrounds learners with target language but doesn't describe gradual release.""}",1,False
Q223,Literature & Understanding,"Language Acquisition, Transfer, and Cross-Curricular Language Development","When students use known spelling patterns to decode new words, they demonstrate:","{""Phonemic awareness"",""Morphological transfer"",""Metacognition"",""Positive transfer""}",3,"{""Phonemic awareness is sound manipulation, not pattern application."",""Morphological transfer relates to word parts, not spelling patterns."",""Metacognition is awareness of thinking, not pattern use."",""Correct! Positive transfer applies known patterns to new contexts, facilitating learning.""}",2,False
Q224,Literature & Understanding,"Language Acquisition, Transfer, and Cross-Curricular Language Development",Academic words such as 'compare' or 'analyze' are considered:,"{""Tier 1 vocabulary"",""Tier 2 vocabulary"",""Tier 3 vocabulary"",""Dialect terms""}",1,"{""Tier 1 is basic, everyday vocabulary (happy, run)."",""Correct! Tier 2 vocabulary appears across disciplines and supports academic discourse."",""Tier 3 is domain-specific technical vocabulary (photosynthesis)."",""Dialect terms are regional/social, not academic categories.""}",1,False
Q225,Literature & Understanding,"Language Acquisition, Transfer, and Cross-Curricular Language Development",Which method best supports both language and content learning simultaneously?,"{""Content-based instruction"",""Grammar drills"",""Audiolingual method"",""Phonics-focused lessons""}",0,"{""Correct! Content-based instruction teaches language through meaningful subject matter, integrating both goals."",""Grammar drills isolate language forms from content."",""Audiolingual method focuses on pattern practice, not content."",""Phonics focuses on decoding, not content learning.""}",2,False
Q401,Genre & Craft,"Language Structure, Literary Response, and Expository Writing Techniques",Which level of language focuses on the arrangement of words into phrases and clauses?,"{""Phonology"",""Morphology"",""Syntax"",""Semantics""}",2,"{""Phonology studies sound systems, not word arrangement."",""Morphology studies word formation from morphemes, not sentence structure."",""Correct! Syntax governs how words combine into phrases, clauses, and sentences."",""Semantics studies meaning, not grammatical structure.""}",1,False
Q402,Genre & Craft,"Language Structure, Literary Response, and Expository Writing Techniques",Identifying prefixes and suffixes to determine word formation is primarily a task in:,"{""Phonology"",""Morphology"",""Semantics"",""Pragmatics""}",1,"{""Phonology deals with sounds, not word parts."",""Correct! Morphology analyzes word structure and formation from morphemes (roots, prefixes, suffixes)."",""Semantics addresses meaning, not word structure."",""Pragmatics examines context and use, not word formation.""}",1,False
Q403,Genre & Craft,"Language Structure, Literary Response, and Expository Writing Techniques",A descriptive grammar statement would MOST likely say:,"{""'Never split infinitives.'"",""'People often end sentences with prepositions in casual speech.'"",""'Don't use double negatives.'"",""'Always use whom as the object.'""}",1,"{""This is prescriptive—dictating what not to do."",""Correct! Descriptive grammar observes actual language use without judgment."",""This is prescriptive—dictating a rule."",""This is prescriptive—dictating correct form.""}",2,False
Q404,Genre & Craft,"Language Structure, Literary Response, and Expository Writing Techniques",A line that can be interpreted in multiple ways demonstrates:,"{""Denotation"",""Ambiguity"",""Oxymoron"",""Cliché""}",1,"{""Denotation is literal meaning, not multiple interpretations."",""Correct! Ambiguity allows multiple valid interpretations."",""Oxymoron combines contradictory terms, not creates multiple meanings."",""Cliché is overused expression, not multiple interpretations.""}",2,False
Q405,Genre & Craft,"Language Structure, Literary Response, and Expository Writing Techniques",Which device best creates sensory impressions in readers?,"{""Allusion"",""Imagery"",""Synecdoche"",""Apostrophe""}",1,"{""Allusion references other texts, not sensory details."",""Correct! Imagery uses sensory language (sight, sound, smell, taste, touch) to evoke experiences."",""Synecdoche uses parts for wholes, not sensory details."",""Apostrophe addresses absent entities, not creates sensory impressions.""}",1,False
Q406,Genre & Craft,"Language Structure, Literary Response, and Expository Writing Techniques",Connotation refers to:,"{""Dictionary meaning"",""Spelling variants"",""Associated meanings and feelings"",""Syntactic function""}",2,"{""Dictionary meaning is denotation, not connotation."",""Spelling variants are orthographic, not connotative."",""Correct! Connotation is the emotional/cultural associations beyond literal meaning."",""Syntactic function is grammatical role, not meaning associations.""}",1,False
Q407,Genre & Craft,"Language Structure, Literary Response, and Expository Writing Techniques",A poet uses slant rhyme and irregular meter. The most likely effect is to:,"{""Create a monotonous rhythm"",""Heighten tension or unease"",""Ensure strict symmetry"",""Eliminate ambiguity""}",1,"{""Irregular meter disrupts monotony rather than creates it."",""Correct! Slant rhyme and irregular meter create tension and disrupt expectations, producing unease."",""Irregular meter breaks symmetry, not ensures it."",""These techniques can increase ambiguity, not eliminate it.""}",3,False
Q408,Genre & Craft,"Language Structure, Literary Response, and Expository Writing Techniques",Which choice best signals a shift in tone that creates ironic undertones?,"{""Literal description only"",""Exaggerated praise of a clearly flawed subject"",""Chronological exposition"",""Objective reporting""}",1,"{""Literal description lacks the contrast needed for irony."",""Correct! Exaggerating praise of something flawed creates verbal irony—saying opposite of what's meant."",""Chronological structure doesn't create irony."",""Objective reporting avoids ironic tone.""}",2,False
Q409,Genre & Craft,"Language Structure, Literary Response, and Expository Writing Techniques",Dialogue that reveals a character's values is primarily an example of:,"{""Plot structure"",""Characterization"",""Setting detail"",""Foreshadowing""}",1,"{""Plot is sequence of events, not character revelation."",""Correct! Characterization methods include dialogue revealing personality, beliefs, and values."",""Setting is time/place, not character traits."",""Foreshadowing hints at future events, not character values.""}",1,False
Q410,Genre & Craft,"Language Structure, Literary Response, and Expository Writing Techniques",A passage describing storm clouds gathering over a quiet town most directly develops:,"{""Setting and mood"",""Tone and theme"",""Character arc"",""Point of view""}",0,"{""Correct! Setting (weather, location) and mood (ominous atmosphere) are developed through environmental description."",""Tone is author's attitude; theme is central idea—neither directly developed here."",""Character arc is personal growth trajectory, not environmental description."",""Point of view is narrative perspective, not setting/mood.""}",1,False
Q411,Genre & Craft,"Language Structure, Literary Response, and Expository Writing Techniques",Which is the BEST indicator of a universal theme?,"{""A proper noun repeated throughout"",""A moral relevant only to one era"",""A concept resonating across cultures and time"",""A specific regional dialect""}",2,"{""Repeated names don't indicate universal significance."",""Era-specific morals aren't universal."",""Correct! Universal themes address fundamental human experiences that transcend culture and time."",""Regional dialect is specific, not universal.""}",2,False
Q412,Genre & Craft,"Language Structure, Literary Response, and Expository Writing Techniques",The strongest thesis statement is typically:,"{""Vague and broad"",""A factual statement"",""A clear, arguable claim with scope"",""A rhetorical question""}",2,"{""Vague, broad statements lack focus and arguability."",""Facts aren't arguable—strong theses present debatable positions."",""Correct! Strong theses are clear, arguable, specific, and provide direction for the essay."",""Questions don't assert positions—they invite inquiry.""}",2,False
Q413,Genre & Craft,"Language Structure, Literary Response, and Expository Writing Techniques",Which organizational pattern is best for evaluating two pedagogical models?,"{""Chronological"",""Definition"",""Compare–contrast"",""Process analysis""}",2,"{""Chronological shows time sequence, not evaluation."",""Definition explains terms, not compares models."",""Correct! Compare-contrast examines similarities and differences—ideal for evaluating two approaches."",""Process analysis explains how something works, not compares models.""}",1,False
Q414,Genre & Craft,"Language Structure, Literary Response, and Expository Writing Techniques",A news article most appropriately uses which structure?,"{""Inverted pyramid with most important info first"",""Circular structure with motif return"",""Five-act dramatic arc"",""Stream-of-consciousness""}",0,"{""Correct! News articles use inverted pyramid—crucial information first, details following in decreasing importance."",""Circular structure is literary, not journalistic."",""Five-act structure is for drama, not news."",""Stream-of-consciousness is experimental fiction, not journalism.""}",1,False
Q415,Genre & Craft,"Language Structure, Literary Response, and Expository Writing Techniques",Which revision MOST improves coherence in a formal essay?,"{""Adding varied fonts"",""Replacing academic terms with slang"",""Adding transitional phrases that clarify logic"",""Removing topic sentences""}",2,"{""Font variation is visual, not logical coherence."",""Slang reduces formality and precision, not improves coherence."",""Correct! Transitions (however, therefore, consequently) clarify logical relationships between ideas."",""Topic sentences guide readers—removing them reduces coherence.""}",2,False
Q416,Genre & Craft,"Language Structure, Literary Response, and Expository Writing Techniques",A business letter should prioritize:,"{""Personal storytelling and figurative language"",""Casual tone and slang"",""Clear purpose, concise paragraphs, formal register"",""Second-person commands throughout""}",2,"{""Business letters should be professional, not personal or figurative."",""Casual tone/slang lacks professionalism."",""Correct! Business letters require clarity, brevity, formal register, and professional tone."",""Commands can be appropriate but aren't the priority—clarity and formality are.""}",1,False
Q417,Genre & Craft,"Language Structure, Literary Response, and Expository Writing Techniques","In an expository essay, which evidence is MOST appropriate to support a data-heavy claim?","{""Vivid sensory description"",""Peer-reviewed research and credible statistics"",""Personal anecdote only"",""Fictional dialogue""}",1,"{""Sensory description is literary, not analytical evidence."",""Correct! Data-heavy claims require credible, factual evidence from reliable sources."",""Personal anecdotes alone lack the authority of research."",""Fictional dialogue is creative, not factual evidence.""}",2,False
Q601,Skills & Processes,"Reading Strategies, Critical Analysis, Reader Response, Cross-Curricular Writing, and Media Literacy",Using surrounding sentences to infer an unfamiliar word's meaning demonstrates:,"{""Phonetic decoding"",""Context clue analysis"",""Syntax identification"",""Summarizing""}",1,"{""Phonetic decoding uses sound-letter relationships, not context."",""Correct! Context clue analysis uses surrounding words and sentences to determine meaning."",""Syntax is sentence structure, not meaning inference."",""Summarizing condenses main ideas, not word meanings.""}",1,False
Q602,Skills & Processes,"Reading Strategies, Critical Analysis, Reader Response, Cross-Curricular Writing, and Media Literacy",Which reading technique would best locate a specific statistic in a long article?,"{""Skimming"",""Scanning"",""Predicting"",""Annotating""}",1,"{""Skimming finds main ideas, not specific details."",""Correct! Scanning rapidly searches for specific information like statistics or names."",""Predicting anticipates content, not locates existing details."",""Annotating marks text but doesn't specifically locate information.""}",1,False
Q603,Skills & Processes,"Reading Strategies, Critical Analysis, Reader Response, Cross-Curricular Writing, and Media Literacy",A reader slowing down for complex sections and speeding through easier ones demonstrates:,"{""Skimming"",""Variable reading rate"",""Metacognitive regulation"",""Contextual inference""}",2,"{""Skimming is always fast, not variable based on difficulty."",""While the rate varies, the key is awareness and adjustment."",""Correct! Metacognitive regulation monitors comprehension and adjusts strategies accordingly."",""Contextual inference determines meaning, not reading speed adjustment.""}",2,False
Q604,Skills & Processes,"Reading Strategies, Critical Analysis, Reader Response, Cross-Curricular Writing, and Media Literacy",Identifying whether a statement expresses a general idea or a supporting detail aids:,"{""Summarization"",""Inference"",""Fact-checking"",""Syntax analysis""}",0,"{""Correct! Distinguishing main ideas from details is essential for effective summarization."",""Inference draws conclusions, not identifies text structure."",""Fact-checking verifies accuracy, not text structure."",""Syntax analyzes sentence structure, not idea hierarchy.""}",1,False
Q605,Skills & Processes,"Reading Strategies, Critical Analysis, Reader Response, Cross-Curricular Writing, and Media Literacy",A reader connecting new material to personal experience is applying:,"{""Phonemic awareness"",""Prior knowledge activation"",""Context clue analysis"",""Morphological decoding""}",1,"{""Phonemic awareness is sound manipulation, not personal connections."",""Correct! Prior knowledge activation links new information to existing knowledge for better comprehension."",""Context clues determine word meanings, not personal connections."",""Morphological decoding analyzes word structure, not personal experience.""}",2,False
Q606,Skills & Processes,"Reading Strategies, Critical Analysis, Reader Response, Cross-Curricular Writing, and Media Literacy",Which question best promotes critical analysis of a persuasive text?,"{""Who wrote this and why?"",""What is the spelling pattern?"",""How many pages is it?"",""What font is used?""}",0,"{""Correct! Identifying author and purpose is fundamental to critical analysis of persuasive texts."",""Spelling patterns are orthographic, not critical analysis."",""Page count is irrelevant to analysis."",""Font choice is aesthetic, not analytical.""}",2,False
Q607,Skills & Processes,"Reading Strategies, Critical Analysis, Reader Response, Cross-Curricular Writing, and Media Literacy","When a text appeals to emotions to influence readers, it primarily uses:","{""Logos"",""Ethos"",""Pathos"",""Syntax""}",2,"{""Logos appeals to logic and reason, not emotions."",""Ethos establishes credibility, not emotional appeal."",""Correct! Pathos appeals to emotions (fear, sympathy, anger) to persuade."",""Syntax is sentence structure, not a persuasive appeal.""}",1,False
Q608,Skills & Processes,"Reading Strategies, Critical Analysis, Reader Response, Cross-Curricular Writing, and Media Literacy",Determining if an author's evidence sufficiently supports a claim evaluates:,"{""Relevance and sufficiency"",""Tone and style"",""Syntax and diction"",""Word choice and connotation""}",0,"{""Correct! Evaluating evidence requires assessing if it's relevant (related) and sufficient (adequate amount)."",""Tone and style affect presentation, not evidence quality."",""Syntax and diction are language choices, not evidence evaluation."",""Word choice affects meaning but doesn't evaluate evidence support.""}",2,False
Q609,Skills & Processes,"Reading Strategies, Critical Analysis, Reader Response, Cross-Curricular Writing, and Media Literacy",Recognizing the difference between 'Scientists discovered' and 'Scientists believe' shows awareness of:,"{""Bias"",""Syntax"",""Imagery"",""Metaphor""}",0,"{""Correct! Word choice revealing certainty vs. interpretation indicates bias or objectivity."",""Syntax is sentence structure, not word choice implications."",""Imagery creates sensory impressions, not relevant here."",""Metaphor is figurative comparison, not relevant here.""}",2,False
Q610,Skills & Processes,"Reading Strategies, Critical Analysis, Reader Response, Cross-Curricular Writing, and Media Literacy",A consumer comparing ingredient lists and company claims practices:,"{""Critical reading of informational texts"",""Predictive inference"",""Summative reasoning"",""Literal comprehension""}",0,"{""Correct! Critical reading evaluates information for accuracy, bias, and purpose—essential for consumer literacy."",""Predictive inference anticipates outcomes, not evaluates claims."",""Summative reasoning is synthesis, but critical evaluation is more specific."",""Literal comprehension understands surface meaning, not evaluates critically.""}",2,False
Q611,Skills & Processes,"Reading Strategies, Critical Analysis, Reader Response, Cross-Curricular Writing, and Media Literacy",A workplace memo should be evaluated for:,"{""Figurative language"",""Organization and accuracy"",""Rhythm and meter"",""Bias and irony""}",1,"{""Memos use literal, not figurative language."",""Correct! Workplace documents prioritize clear organization and factual accuracy."",""Rhythm and meter are poetic devices, not workplace writing criteria."",""While bias awareness helps, organization and accuracy are primary.""}",2,False
Q612,Skills & Processes,"Reading Strategies, Critical Analysis, Reader Response, Cross-Curricular Writing, and Media Literacy",Recording emotional reactions to a poem in a reading journal reflects:,"{""Critical evaluation"",""Reader response"",""Contextual decoding"",""Summarization""}",1,"{""Critical evaluation analyzes objectively; emotional reactions are subjective."",""Correct! Reader response emphasizes personal interpretation and emotional engagement."",""Contextual decoding determines word meanings, not emotional reactions."",""Summarization condenses content, not records reactions.""}",1,False
Q613,Skills & Processes,"Reading Strategies, Critical Analysis, Reader Response, Cross-Curricular Writing, and Media Literacy",Writing across content areas enhances learning because it:,"{""Reduces comprehension load"",""Forces rote memorization"",""Deepens understanding through reflection"",""Eliminates the need for reading""}",2,"{""Writing increases cognitive engagement, not reduces it."",""Writing to learn encourages reflection, not memorization."",""Correct! Writing clarifies thinking, connects ideas, and deepens conceptual understanding."",""Writing complements reading, not replaces it.""}",2,False
Q614,Skills & Processes,"Reading Strategies, Critical Analysis, Reader Response, Cross-Curricular Writing, and Media Literacy",A diagram illustrating relationships between ideas supports which communication mode?,"{""Visual"",""Auditory"",""Kinesthetic"",""Narrative""}",0,"{""Correct! Diagrams are visual representations showing relationships spatially."",""Auditory involves sound, not diagrams."",""Kinesthetic involves movement/touch, not visual diagrams."",""Narrative tells stories sequentially, not spatial relationships.""}",1,False
Q615,Skills & Processes,"Reading Strategies, Critical Analysis, Reader Response, Cross-Curricular Writing, and Media Literacy",An advertisement saying 'Everyone is switching to this phone!' demonstrates:,"{""Testimonial"",""Bandwagon"",""Card-stacking"",""Transfer""}",1,"{""Testimonial uses individual endorsements, not claims about 'everyone.'"",""Correct! Bandwagon suggests joining the crowd—everyone's doing it, so should you."",""Card-stacking presents only positive information, different technique."",""Transfer associates product with positive symbols, not crowd appeal.""}",2,False
Q616,Skills & Processes,"Reading Strategies, Critical Analysis, Reader Response, Cross-Curricular Writing, and Media Literacy",Selecting a graphic organizer for comparing two concepts represents:,"{""Visual literacy"",""Propaganda analysis"",""Bias detection"",""Phonemic awareness""}",0,"{""Correct! Visual literacy includes creating and interpreting visual representations like graphic organizers."",""Propaganda analysis evaluates persuasive techniques, not organizer selection."",""Bias detection identifies favoritism, not relevant here."",""Phonemic awareness involves sound manipulation, not visual organization.""}",2,False
Q617,Skills & Processes,"Reading Strategies, Critical Analysis, Reader Response, Cross-Curricular Writing, and Media Literacy",A documentary using both interviews and background music to persuade demonstrates:,"{""Synergy in media"",""Ethos appeal"",""Negative bias"",""Descriptive narrative""}",0,"{""Correct! Synergy occurs when multiple media elements (audio + visual) work together for combined effect."",""Ethos is credibility appeal, not multimodal integration."",""Music choice might indicate bias, but synergy describes the integration."",""Descriptive narrative tells details, not combines media modes.""}",2,False
Q618,Skills & Processes,"Reading Strategies, Critical Analysis, Reader Response, Cross-Curricular Writing, and Media Literacy",Evaluating whether an online article is objective involves checking:,"{""Hyperlinks"",""Author credentials and tone"",""Font style"",""Sentence length""}",1,"{""Hyperlinks indicate sources but don't determine objectivity alone."",""Correct! Author expertise and neutral tone are key indicators of objectivity."",""Font style is aesthetic, not related to objectivity."",""Sentence length affects readability, not objectivity.""}",2,False
Q619,Skills & Processes,"Reading Strategies, Critical Analysis, Reader Response, Cross-Curricular Writing, and Media Literacy",Which activity best builds metacognitive reading awareness?,"{""Timed silent reading"",""Think-aloud modeling"",""Multiple-choice quizzes"",""Copying vocabulary""}",1,"{""Silent reading doesn't explicitly demonstrate thinking processes."",""Correct! Think-aloud modeling makes metacognitive strategies (monitoring, questioning, clarifying) visible and explicit."",""Quizzes assess comprehension but don't build metacognitive awareness."",""Copying vocabulary is rote practice, not metacognitive.""}",2,False
Q620,Skills & Processes,"Reading Strategies, Critical Analysis, Reader Response, Cross-Curricular Writing, and Media Literacy",Comparing multiple interpretations of the same poem teaches students to:,"{""Discredit authorial intent"",""Appreciate diversity of meaning"",""Memorize definitions"",""Focus on grammar""}",1,"{""Multiple interpretations complement, not discredit, authorial intent."",""Correct! Diverse interpretations validate reader response and show that meaning is constructed, not singular."",""Comparing interpretations involves analysis, not memorization."",""Grammar is not the focus of interpretation comparison.""}",2,False
Q621,Skills & Processes,"Reading Strategies, Critical Analysis, Reader Response, Cross-Curricular Writing, and Media Literacy",A student writing reflective journal entries about lab experiments is:,"{""Practicing writing to learn"",""Summarizing literature"",""Composing persuasive essays"",""Practicing syntax drills""}",0,"{""Correct! Writing to learn uses informal writing to process and reflect on content learning."",""This is science content, not literature."",""Reflective journals are exploratory, not persuasive."",""Syntax drills are grammar exercises, not reflection.""}",2,False
Q622,Skills & Processes,"Reading Strategies, Critical Analysis, Reader Response, Cross-Curricular Writing, and Media Literacy",Analyzing how a chart supports textual information demonstrates:,"{""Visual interpretation"",""Metaphorical reading"",""Syntax comprehension"",""Summative reasoning""}",0,"{""Correct! Visual interpretation extracts meaning from visual data representations like charts."",""Metaphorical reading interprets figurative language, not charts."",""Syntax comprehension analyzes sentence structure, not visual data."",""Summative reasoning synthesizes ideas but isn't specific to visual data.""}",2,False
Q623,Skills & Processes,"Reading Strategies, Critical Analysis, Reader Response, Cross-Curricular Writing, and Media Literacy","When evaluating a website, which criterion is LEAST useful?","{""Design aesthetics"",""Author's credentials"",""Date of publication"",""Evidence citations""}",0,"{""Correct! While design matters for usability, aesthetics don't determine credibility or accuracy."",""Author credentials indicate expertise and credibility—essential."",""Publication date shows currency—important for time-sensitive topics."",""Evidence citations demonstrate research quality—essential.""}",2,False
Q624,Skills & Processes,"Reading Strategies, Critical Analysis, Reader Response, Cross-Curricular Writing, and Media Literacy",The purpose of a public service announcement is primarily to:,"{""Entertain"",""Inform or persuade"",""Amuse"",""Narrate""}",1,"{""PSAs can engage but entertainment isn't the primary purpose."",""Correct! PSAs inform audiences about issues and/or persuade them toward action or behavior change."",""Amusement may be a technique but not the goal."",""Narration is a method, not a purpose.""}",1,False
Q625,Skills & Processes,"Reading Strategies, Critical Analysis, Reader Response, Cross-Curricular Writing, and Media Literacy",A speaker using celebrity endorsements to influence an audience uses which propaganda technique?,"{""Transfer"",""Testimonial"",""Plain folks"",""Fear appeal""}",1,"{""Transfer associates with symbols/concepts, not specific endorsers."",""Correct! Testimonial uses endorsements from individuals (especially celebrities) to build credibility."",""Plain folks presents speaker as ordinary person, opposite of celebrity."",""Fear appeal uses threats or warnings, not endorsements.""}",2,False
Q626,Skills & Processes,"Reading Strategies, Critical Analysis, Reader Response, Cross-Curricular Writing, and Media Literacy",Recognizing that film uses close-up shots to create empathy demonstrates:,"{""Critical media analysis"",""Visual confusion"",""Phonemic awareness"",""Literal comprehension""}",0,"{""Correct! Critical media analysis examines how technical choices (like shot selection) shape meaning and emotion."",""This shows understanding, not confusion."",""Phonemic awareness involves sound manipulation, not film analysis."",""Literal comprehension understands surface meaning, not analyzes technique.""}",2,False
Q627,Skills & Processes,"Reading Strategies, Critical Analysis, Reader Response, Cross-Curricular Writing, and Media Literacy",Identifying how background music intensifies a news segment's emotional tone analyzes:,"{""Nonverbal cues in media"",""Logical appeals"",""Morphological structure"",""Syntax""}",0,"{""Correct! Nonverbal cues in media include music, sound effects, and visuals that shape emotional response."",""Logical appeals use reasoning, not music."",""Morphological structure relates to word formation, not media."",""Syntax is sentence structure, not media production.""}",2,False
Q628,Meaning & Communication,Understand the integrated nature of the English language arts,"A middle school teacher has students read excerpts from a famous speech before writing their own persuasive paragraphs on a modern topic. To strengthen the connection between reading and writing, the teacher asks students to analyze the rhetorical techniques used in the speech before they draft their own work. The primary benefit of this activity is that it helps students:","{""memorize formal patterns of written and spoken argument."",""transfer comprehension strategies from reading into composition."",""imitate the stylistic conventions of historical texts."",""focus on correct spelling and punctuation while writing.""}",1,"{""Memorization is not the focus; understanding and application of rhetorical techniques is the goal."",""Correct! Students are connecting analytical reading (how rhetoric works) with their own writing decisions—an integrated literacy practice."",""Imitation is not the main goal; transferring analytical skills to composition is the focus."",""Spelling and punctuation are not the primary focus of analyzing rhetorical techniques.""}",2,False
Q629,Meaning & Communication,Understand the integrated nature of the English language arts,"After studying short stories with strong character development, students are asked to perform short dramatic readings of key scenes before writing a reflective essay about character motivation. The main advantage of this sequence is that it enables students to:","{""compare film and literature as forms of storytelling."",""understand narrative pacing through silent reading."",""internalize literary characterization through expressive performance."",""demonstrate memorization skills for key literary passages.""}",2,"{""Film comparison is not part of this activity; the focus is on dramatic reading and writing."",""Silent reading is not the method used here; students are performing aloud."",""Correct! Oral interpretation deepens comprehension and helps students feel how language shapes character and tone."",""Memorization is not the goal; understanding character motivation through performance is the focus.""}",2,False
Q630,Meaning & Communication,Understand the integrated nature of the English language arts,"A teacher plays an audio recording of a contemporary poet reading their own work, then asks students to analyze how the poet's vocal delivery affects meaning. Students then record themselves reading one of their own poems aloud. This assignment primarily promotes students' ability to:","{""evaluate how spoken language choices convey nuance and emotion."",""identify phonemic awareness in a literary context."",""assess the poet's adherence to standard pronunciation norms."",""memorize and recite poetry for performance competition.""}",0,"{""Correct! It links listening and speaking to interpretation—core ELA integration."",""Phonemic awareness relates to sound manipulation in language learning, not poetry analysis."",""Standard pronunciation is not the focus; vocal delivery and meaning are the goals."",""Memorization and competition are not the objectives; analysis and self-expression are the focus.""}",2,False
Q631,Meaning & Communication,Understand the integrated nature of the English language arts,Students in an English class maintain a weekly blog where they respond to class readings and comment on one another's posts. This activity most directly supports development in which area?,"{""grammar and sentence mechanics"",""collaborative writing and audience awareness"",""historical literary analysis"",""memorization of key vocabulary terms""}",1,"{""While grammar may be practiced, it is not the primary focus of blogging and commenting."",""Correct! Commenting and responding online merges reading, writing, and communication skills while reinforcing authentic audience awareness."",""Historical literary analysis may occur but is not the main benefit of the blog activity."",""Memorization is not a focus; the activity emphasizes interaction and communication.""}",2,False
Q632,Meaning & Communication,Understand the integrated nature of the English language arts,An English teacher asks students to create short podcasts explaining the themes of assigned novels and to include brief quotations to support their points. This approach best fosters:,"{""oral fluency through repeated reading practice."",""integrated comprehension by synthesizing speaking, reading, and writing skills."",""technical editing of recorded audio files."",""memorization of literary quotations for assessment purposes.""}",1,"{""Oral fluency may improve, but the main goal is integrating multiple literacy skills."",""Correct! Students read to gather evidence, write to plan their script, and speak to communicate analysis—pure language arts integration."",""Technical editing is a side skill, not the primary educational focus."",""Memorization is not the goal; synthesis and communication of ideas are the focus.""}",2,False
Q633,Meaning & Communication,History and development of the English language,"During the Old English period, the language was most heavily influenced by:","{""Latin brought by Roman missionaries"",""Norse vocabulary introduced through Viking contact"",""Celtic grammatical structures"",""Norman French syntax""}",1,"{""While Latin influenced Old English through Christianity, it was not the most pervasive influence."",""Correct! The Viking invasions infused Old English with Norse loanwords like 'sky,' 'egg,' and 'window,' shaping northern dialects."",""Celtic had minimal impact on Old English grammar; most Celtic influence was place names."",""Norman French came later during the Middle English period, not Old English.""}",2,False
Q634,Meaning & Communication,History and development of the English language,Which event most contributed to the standardization of English spelling and grammar?,"{""The Great Vowel Shift"",""The introduction of the printing press by William Caxton in 1476"",""The Protestant Reformation"",""The publication of Johnson's Dictionary of the English Language in 1755""}",1,"{""The Great Vowel Shift changed pronunciation but did not standardize spelling."",""Correct! The printing press made written English more uniform and spread London's dialect as a standard."",""The Reformation influenced Bible translation but was not the primary standardization force."",""Johnson's Dictionary was important but came after printing had already established many standards.""}",2,False
Q635,Meaning & Communication,History and development of the English language,Which development most clearly reflects the influence of global expansion on the English language?,"{""The adoption of words like café and rendezvous"",""The inclusion of loanwords from Hindi, Arabic, and Swahili"",""The simplification of English verb conjugations"",""The creation of Middle English poetic forms""}",1,"{""French borrowings reflect European contact, not global expansion."",""Correct! Colonial contact introduced vocabulary such as 'bungalow,' 'algebra,' and 'safari,' demonstrating English's global borrowing."",""Verb simplification was an internal development, not due to global expansion."",""Middle English poetry was a literary development, not related to global contact.""}",2,False
Q636,Meaning & Communication,History and development of the English language,Which factor most contributed to the divergence of British and American English spelling conventions?,"{""The establishment of colonial universities"",""Noah Webster's dictionary reforms"",""The Industrial Revolution"",""Early missionary translation projects""}",1,"{""Colonial universities preserved British conventions rather than diverging from them."",""Correct! Webster intentionally simplified spellings—'color' vs. 'colour'—to promote linguistic independence in the new nation."",""The Industrial Revolution affected vocabulary but not systematic spelling differences."",""Missionary projects did not focus on spelling reform.""}",2,False
Q637,Meaning & Communication,History and development of the English language,Which of the following best explains the rapid expansion of new vocabulary during the 20th century?,"{""Growth of literacy and public schooling"",""Technological and scientific innovation"",""Simplification of English grammar"",""Increased translation of classical texts""}",1,"{""Literacy growth helped spread language but did not create new vocabulary."",""Correct! Terms like 'television,' 'internet,' and 'genetic code' arose with modern inventions and discoveries."",""Grammar simplification is unrelated to vocabulary expansion."",""Classical translations added some terms but not at the pace of modern technology.""}",2,False
Q638,Meaning & Communication,History and development of the English language,Which statement best illustrates how social movements shape language?,"{""Increased borrowing from Latin during the Renaissance"",""The emergence of gender-inclusive pronouns such as they for singular use"",""The creation of dictionaries to define 'standard' language"",""The replacement of Middle English endings with Modern English ones""}",1,"{""Latin borrowing was driven by scholarly interests, not social movements."",""Correct! Contemporary social awareness influences evolving norms of identity and expression."",""Dictionary creation reflected prescriptive authority, not social movements."",""Grammar changes from Middle to Modern English were evolutionary, not movement-driven.""}",2,False
Q639,Meaning & Communication,History and development of the English language,"Which of the following is an example of English as a living, evolving language?","{""The preservation of Old English in historical archives"",""The continued use of Shakespearean English in modern writing"",""The emergence of internet slang and new verb forms such as 'to google'"",""The adoption of prescriptive grammar handbooks in schools""}",2,"{""Preservation of Old English maintains history but does not show evolution."",""Using Shakespearean English is archaic practice, not evolution."",""Correct! Digital communication continuously produces new vocabulary and usage patterns."",""Prescriptive handbooks attempt to freeze language, not demonstrate evolution.""}",2,False
Q640,Meaning & Communication,History and development of the English language,Which statement best reflects how regional dialects develop within a single language?,"{""They arise from deliberate educational reforms."",""They result from isolation and distinct cultural contact patterns."",""They emerge only in rural communities."",""They reflect the random variation of individual speakers.""}",1,"{""Educational reforms try to standardize, not create dialects."",""Correct! Geography, migration, and community interaction create region-specific pronunciations and idioms."",""Dialects develop in both urban and rural areas."",""Dialect formation is systematic, not random individual variation.""}",2,False
Q641,Meaning & Communication,History and development of the English language,"The English used by writers of the Harlem Renaissance (e.g., Langston Hughes, Zora Neale Hurston) demonstrates:","{""rejection of African linguistic heritage"",""codification of formal standard English"",""creative adaptation of vernacular speech to convey cultural identity"",""resistance to all linguistic experimentation""}",2,"{""Harlem Renaissance writers embraced African linguistic heritage."",""They challenged formal conventions rather than codifying them."",""Correct! Writers blended African American vernacular with literary English to express cultural voice and authenticity."",""Harlem Renaissance was marked by linguistic experimentation, not resistance to it.""}",2,False
Q642,Meaning & Communication,History and development of the English language,"In contemporary linguistics, the term World Englishes refers to:","{""Attempts to restore classical grammar in global education"",""Localized varieties of English shaped by regional and cultural factors"",""The replacement of native languages with English worldwide"",""Simplified English used exclusively in diplomacy""}",1,"{""World Englishes recognizes diversity, not restoration of classical grammar."",""Correct! 'World Englishes' recognizes that British, Indian, Nigerian, and Singaporean English are all legitimate, evolving varieties."",""The term celebrates multilingualism, not language replacement."",""World Englishes includes all varieties, not just simplified diplomatic English.""}",2,False
Q643,Literature & Understanding,Understanding the purposes and values of teaching literature,"A teacher organizes a literature unit including The Joy Luck Club by Amy Tan, Bless Me, Ultima by Rudolfo Anaya, and The Namesake by Jhumpa Lahiri. The teacher's primary purpose in selecting these works is to:","{""expose students to novels written exclusively in first person."",""highlight the influence of myth and folklore in contemporary fiction."",""explore the experiences of cultural identity and assimilation in the United States."",""teach students how to apply postmodern literary theory.""}",2,"{""While some may use first person, narrative perspective is not the unifying theme."",""Myth and folklore appear but are not the primary focus across all three novels."",""Correct! Each novel portrays generational and cultural negotiation—ideal for discussing identity and assimilation."",""Postmodern theory is not the main instructional goal of this selection.""}",2,False
Q644,Literature & Understanding,Understanding the purposes and values of teaching literature,A high-school class reads The Diary of Anne Frank alongside Night by Elie Wiesel. The teacher's goal is most likely to:,"{""demonstrate different approaches to narrative structure."",""examine personal and historical perspectives on human rights and moral courage."",""introduce students to post-World War II literary techniques."",""analyze translation differences between European and American editions.""}",1,"{""While structure varies, it is not the primary educational purpose of pairing these texts."",""Correct! Pairing survivor accounts helps students connect literature to ethical and historical understanding."",""Literary techniques are secondary to the human rights and moral themes."",""Translation analysis is not the focus of this pairing.""}",2,False
Q645,Literature & Understanding,Understanding the purposes and values of teaching literature,An English teacher assigns Their Eyes Were Watching God and asks students to compare it with modern spoken-word poetry exploring similar themes. This assignment primarily helps students:,"{""practice formal citation in research essays."",""identify social commentary on gender and voice across time periods."",""memorize dialect for oral performance."",""evaluate publishing trends in African American literature.""}",1,"{""Citation practice is a skill outcome, not the primary purpose of thematic comparison."",""Correct! It links historical and contemporary expressions of autonomy and voice—illustrating literature's social purpose."",""Memorization of dialect is not the instructional goal."",""Publishing trends are not the focus of this thematic comparison.""}",2,False
Q646,Literature & Understanding,Understanding the purposes and values of teaching literature,"A teacher selects several environmental poems and essays, such as those by Mary Oliver and Wendell Berry, for a thematic unit titled 'Literature of Place.' The main instructional purpose of this unit is to:","{""demonstrate scientific accuracy in literary description."",""connect students' reading to ecological awareness and personal reflection."",""teach metrical variation in free verse poetry."",""focus on the economic factors influencing rural literature.""}",1,"{""Scientific accuracy is not the primary goal of literary study."",""Correct! It integrates literature with environmental ethics and reflective thinking."",""Meter is a technical element, not the main purpose of this thematic unit."",""Economic factors are not the central focus of environmental literature study.""}",2,False
Q647,Literature & Understanding,Understanding the purposes and values of teaching literature,"During a world-literature course, students read Things Fall Apart by Chinua Achebe and discuss colonial perspectives portrayed in early British novels. The teacher's intent in this comparison is to:","{""reinforce grammar and vocabulary from non-Western sources."",""expose students to non-Western viewpoints and post-colonial themes."",""illustrate the chronological development of the English novel."",""teach students translation methods for African languages.""}",1,"{""Grammar and vocabulary are not the primary focus of this comparison."",""Correct! Achebe's work reclaims narrative authority, showing literature's power to challenge dominant cultural perspectives."",""Chronological development is secondary to examining cultural perspectives."",""Translation methods are not the goal of this comparative study.""}",2,False
Q648,Literature & Understanding,"World Literature in English, exclusive of North America","In Wuthering Heights, Emily Brontë's use of multiple narrators and a non-linear structure primarily serves to:","{""create a sense of historical distance between reader and character."",""emphasize the power of social hierarchy in determining fate."",""present differing psychological perspectives that complicate moral judgment."",""highlight the influence of classical myth on Romantic storytelling.""}",2,"{""While historical distance exists, the primary purpose is psychological complexity, not temporal separation."",""Social hierarchy is a theme, but the narrative structure's main function is to present multiple viewpoints."",""Correct! Brontë's framing devices (Lockwood and Nelly) invite readers to weigh conflicting viewpoints, deepening the novel's moral ambiguity."",""Classical myth is not the primary influence on Brontë's narrative technique.""}",2,False
Q649,Literature & Understanding,"World Literature in English, exclusive of North America",Elizabeth Gaskell's North and South explores industrialization and class conflict in Victorian England. Her portrayal of these social tensions is most significant because it:,"{""romanticizes the lives of working-class characters to promote idealism."",""integrates social realism with moral sympathy to critique economic inequality."",""rejects political engagement in favor of domestic harmony."",""portrays the decline of rural England through comic irony.""}",1,"{""Gaskell presents realistic, not romanticized, portrayals of working-class life."",""Correct! Gaskell's realist approach humanizes labor issues and bridges moral and social commentary—an early example of industrial fiction."",""The novel actively engages with political and economic issues rather than avoiding them."",""Comic irony is not the dominant tone; Gaskell employs earnest social realism.""}",2,False
Q650,Literature & Understanding,"World Literature in English, exclusive of North America",Charlotte Brontë's Jane Eyre was groundbreaking among nineteenth-century novels because it:,"{""portrayed a heroine who rejects both love and independence."",""depicted a female protagonist whose moral and emotional autonomy challenge Victorian gender norms."",""idealized romantic dependence as a form of social stability."",""dismissed religious and moral struggle as irrelevant to personal growth.""}",1,"{""Jane seeks both love and independence on her own terms, not rejecting either."",""Correct! Jane's insistence on self-respect and conscience makes the novel an early feminist and psychological narrative."",""The novel critiques, rather than idealizes, romantic dependence that compromises autonomy."",""Religious and moral struggle are central to Jane's character development throughout the novel.""}",2,False
Q651,Literature & Understanding,"World Literature in English, exclusive of North America",Emily Brontë's depiction of nature in Wuthering Heights differs from typical Romantic literature because it:,"{""presents the natural world as indifferent or violent rather than purely inspiring."",""replaces imagery of rural beauty with industrial landscapes."",""idealizes pastoral life as an escape from moral decay."",""omits natural imagery to focus entirely on domestic interiors.""}",0,"{""Correct! Her wild moorland setting mirrors the intensity of human passion and cruelty—nature as emotional landscape, not idyllic refuge."",""The novel is set on the moors, not in industrial landscapes."",""Brontë subverts pastoral idealization by presenting nature as harsh and unforgiving."",""Natural imagery is central to the novel's atmosphere and symbolism.""}",2,False
Q652,Literature & Understanding,"World Literature in English, exclusive of North America","In Mary Barton, Elizabeth Gaskell combines sentimental narrative techniques with journalistic observation to:","{""disguise political content beneath conventional romance."",""argue that industrial progress inevitably leads to social harmony."",""appeal to middle-class readers' empathy for working-class suffering."",""portray factory life as an entertaining backdrop for personal ambition.""}",2,"{""Rather than disguising political content, Gaskell makes it central and explicit through empathetic storytelling."",""The novel critiques, not celebrates, industrial progress without social reform."",""Correct! Gaskell uses empathy and realism to awaken social conscience among her readership—hallmarks of early social-problem fiction."",""Factory life is portrayed seriously as a site of suffering, not entertainment.""}",2,False
Q653,Genre & Craft,English syntax and sentence structure,Which of the following sentences violates the conventions of English syntax?,"{""The candle flickered softly in the wind."",""Down the stairs fell the book with a thud."",""They the park quickly across ran."",""The dog barked loudly at the mail carrier.""}",2,"{""This follows standard subject–verb–object order with proper syntax."",""This uses inverted word order for emphasis, which is grammatically acceptable in English."",""Correct! 'They the park quickly across ran' scrambles normal English word order (subject–verb–object) and violates syntax conventions."",""This follows standard English syntax with subject, verb, and adverbial phrase.""}",1,False
Q654,Genre & Craft,Parallel structure and sentence coherence,Which sentence demonstrates faulty parallel structure?,"{""The hikers were cold, tired, and hungry for dinner."",""She enjoys dancing, to swim, and playing tennis."",""He came, he saw, he conquered."",""The speech was long but inspiring.""}",1,"{""This maintains parallel structure with three adjectives in a series."",""Correct! Parallel structure requires consistent grammatical forms — this should be 'dancing, swimming, and playing' (all gerunds) or 'to dance, to swim, and to play' (all infinitives)."",""This demonstrates excellent parallel structure with three parallel clauses."",""This uses parallel adjectives to describe the speech.""}",2,False
Q655,Genre & Craft,Sentence fragments and complete sentences,Which of the following sentences contains a sentence fragment?,"{""After the rain stopped, the children ran outside."",""Because she was late to the meeting."",""The bus left at noon sharp."",""The teacher collected the homework on time.""}",1,"{""This is a complete sentence with a dependent clause followed by an independent clause."",""Correct! 'Because she was late to the meeting' is a dependent clause missing its main clause. It needs an independent clause to be complete."",""This is a complete sentence with subject, verb, and additional details."",""This is a complete sentence with subject, verb, and object.""}",2,False
Q656,Genre & Craft,Modifiers and clarity,Which of the following sentences demonstrates a misplaced modifier?,"{""She nearly drove her car for ten hours without stopping."",""The teacher handed the papers to the students on the desk."",""Running quickly, the child caught the ball."",""After lunch, the meeting resumed promptly.""}",1,"{""While 'nearly' could be clearer if moved, the sentence meaning is relatively clear."",""Correct! 'On the desk' incorrectly modifies 'students,' implying they were sitting on the desk rather than the papers being on the desk. The modifier is misplaced."",""The modifier 'Running quickly' correctly modifies 'the child.'"",""The modifier 'After lunch' correctly modifies when the meeting resumed.""}",2,False
Q657,Genre & Craft,Structural ambiguity and coordination,Which of the following sentences is structurally ambiguous because of faulty coordination?,"{""The coach praised the players, and the crowd cheered loudly."",""She told him she loved her cat and so did he."",""The storm passed quickly and left the sky clear."",""He wanted to visit London and Paris during his trip.""}",1,"{""This has clear coordination between two independent clauses with no ambiguity."",""Correct! 'She told him she loved her cat and so did he' could mean he also told her, or that he also loved her cat — structural ambiguity through coordination."",""This clearly coordinates two actions performed by the storm."",""This clearly coordinates two cities he wanted to visit.""}",2,False
Q658,Genre & Craft,Morphology and word structure,Which of the following words contains two bound morphemes?,"{""unbelievable"",""happiness"",""walking"",""sunlight""}",0,"{""Correct! 'Un-' and '-able' are both bound morphemes attached to the free base 'believe.' Neither can function as independent words."",""This contains one bound morpheme ('-ness') attached to the free morpheme 'happy.'"",""This contains one bound morpheme ('-ing') attached to the free morpheme 'walk.'"",""This is a compound word containing two free morphemes ('sun' + 'light'), not bound morphemes.""}",2,False
Q659,Genre & Craft,Inflectional vs. derivational morphology,Which of the following best illustrates inflectional morphology?,"{""Change → changer"",""Teach → teacher"",""Quick → quickly"",""Walk → walked""}",3,"{""This is derivational morphology; '-er' creates a new noun from a verb."",""This is derivational morphology; '-er' creates a new noun (person who teaches) from a verb."",""This is derivational morphology; '-ly' changes an adjective into an adverb."",""Correct! '-ed' marks past tense, an inflection that changes grammatical function but not lexical meaning. 'Walked' remains a verb with the same core meaning.""}",2,False
Q660,Genre & Craft,Syntactic ambiguity,Which of these sentences demonstrates syntactic ambiguity created by phrase structure?,"{""Visiting relatives can be exhausting."",""The teacher collected the essays before lunch."",""They ran down the hill quickly."",""The book on the desk belongs to Maria.""}",0,"{""Correct! 'Visiting relatives' can function as a noun phrase (the act of visiting) or a participial phrase (relatives who are visiting). The phrase structure permits both interpretations."",""This has clear phrase structure with no ambiguity about who collected what and when."",""This has straightforward structure indicating manner and direction of running."",""The prepositional phrase 'on the desk' clearly modifies 'book' with no ambiguity.""}",2,False
Q661,Genre & Craft,Derivational morphology,Which of the following illustrates derivational morphology?,"{""Run → running"",""Happy → unhappy"",""Cat → cats"",""Sleep → slept""}",1,"{""This is inflectional morphology; '-ing' creates the present participle form without changing core meaning."",""Correct! Adding 'un-' creates a new word with a changed meaning (opposite), not just a grammatical variation. This is derivational morphology."",""This is inflectional morphology; '-s' marks plural without changing the core meaning."",""This is inflectional morphology; the vowel change marks past tense without creating a new word.""}",2,False
Q662,Genre & Craft,Semantic agreement,Which sentence violates semantic agreement (the logical relationship between subject and predicate)?,"{""The idea was fascinating."",""The committee have made its decision."",""The thunder laughed across the sky."",""The flowers were blooming early.""}",2,"{""This has proper semantic agreement; ideas can be fascinating."",""This has a subject-verb agreement error (number mismatch), not a semantic violation."",""Correct! Thunder doesn't literally laugh — this is a semantic mismatch (though acceptable as figurative language/personification). The predicate is incompatible with the nature of the subject."",""This has proper semantic agreement; flowers can bloom.""}",2,False
Q663,Skills & Processes,Understanding the active and constructive nature of viewing and visually representing information,"Students are comparing two television advertisements for the same product—one presented as a celebrity endorsement and the other as a short animated story. To help students understand how visual choices influence perception, which question would be most effective to ask first?","{""Which advertisement do you personally prefer?"",""What is each advertisement's main visual technique for persuasion?"",""How long is each advertisement?"",""How much did the company pay for celebrity participation?""}",1,"{""Personal preference doesn't focus on analyzing visual construction techniques."",""Correct! This question directs attention to how visual construction conveys meaning—central to media analysis."",""Duration is a technical detail that doesn't address how visuals shape perception."",""Production costs are irrelevant to analyzing persuasive visual techniques.""}",2,False
Q664,Skills & Processes,Understanding the active and constructive nature of viewing and visually representing information,"After watching a documentary about pollution, a teacher asks students to identify how the filmmaker's camera angles, lighting, and editing influenced their emotional response. This question mainly promotes students' ability to:","{""summarize factual information accurately."",""identify visual techniques that shape viewer interpretation."",""critique the accuracy of the documentary's data."",""predict what might happen if pollution continues.""}",1,"{""Summarizing facts doesn't address how visual techniques construct meaning and emotion."",""Correct! Students learn that visual media doesn't just show—it constructs emotion and perspective through deliberate choices."",""Data accuracy is separate from understanding how visual techniques influence viewer response."",""Making predictions about pollution is unrelated to analyzing filmmaking techniques.""}",2,False
Q665,Skills & Processes,Understanding the active and constructive nature of viewing and visually representing information,"Students view two news clips about the same international event, one from a U.S. network and the other from a foreign broadcaster. The teacher asks, 'What differences do you notice in the way each network represents the people involved?' This question primarily helps students:","{""practice distinguishing between facts and opinions."",""evaluate the influence of cultural perspective on visual representation."",""identify technical limitations of video production."",""memorize global geography related to the event.""}",1,"{""While related, the focus is specifically on representation and bias, not general fact-opinion distinction."",""Correct! The focus is on representation and bias—a core part of visual literacy. Students learn how cultural perspective shapes what is shown and how it's portrayed."",""Technical limitations don't address how different networks construct meaning through representation."",""Geography memorization is unrelated to analyzing visual representation and bias.""}",2,False
Q666,Skills & Processes,Understanding the active and constructive nature of viewing and visually representing information,A teacher asks students to design an infographic summarizing a short article on renewable energy. This activity most directly develops students' understanding of:,"{""how color, proportion, and layout affect communication."",""how to cite digital sources in academic writing."",""how to calculate data trends accurately."",""how to critique authors' tone and mood.""}",0,"{""Correct! Constructing visuals teaches how design choices shape message clarity and emphasis. Students actively experience how visual representation constructs meaning."",""Citation skills are separate from understanding visual design principles."",""Data calculation is a math skill, not visual representation analysis."",""Critiquing tone relates to reading comprehension, not visual design principles.""}",2,False
Q667,Skills & Processes,Understanding the active and constructive nature of viewing and visually representing information,"Students view a short film with rapid editing and upbeat music. The teacher then asks, 'What mood or message do these visual and sound choices create?' This question best fosters students' ability to:","{""analyze how multimodal techniques influence audience response."",""determine the literal sequence of events in the film."",""memorize key dialogue for later discussion."",""evaluate the technical quality of film editing.""}",0,"{""Correct! Integrating sound and imagery analysis reinforces how meaning is actively built through visual composition and audio cues. This is multimodal literacy."",""Determining event sequence focuses on comprehension, not how techniques shape response."",""Memorizing dialogue doesn't address how visual and audio choices construct meaning."",""Technical quality evaluation doesn't focus on how these choices influence audience interpretation.""}",2,False
Q668,Meaning & Communication,Language evolution and lexical development,Which of the following is the most likely reason that the term streaming has become part of the Standard American English lexicon?,"{""It expresses a newly developed technology and everyday activity."",""It originated as a slang term used only in music journalism."",""It replaced a classical Latin term that was difficult to spell."",""It has remained unchanged in meaning since the nineteenth century.""}",0,"{""Correct! 'Streaming' filled a new communicative need tied to digital media—exactly how English expands to accommodate technological and cultural changes."",""While it may have appeared in specialized contexts first, it became mainstream because it describes a universal activity, not just journalism."",""There was no difficult Latin term it replaced; it arose organically from the technological need."",""The digital media sense of 'streaming' is recent, not from the nineteenth century.""}",2,False
Q669,Meaning & Communication,Language evolution and lexical development,Which of the following newly coined words is most likely to become a permanent part of standard English?,"{""doomscrolling — obsessive reading of negative online news"",""fleeky-boo — a short-lived social-media catchphrase"",""quizzify — an invented term with no real application"",""scribblr — a single brand name with no generic meaning""}",0,"{""Correct! It describes a recognizable human behavior in the digital era; utility and widespread recognition predict longevity in the lexicon."",""Short-lived catchphrases typically fade without sustained use or clear utility."",""Invented terms without practical application rarely gain traction in the language."",""Brand names remain specific unless they become genericized (like 'xerox' or 'kleenex'), which requires widespread adoption.""}",2,False
Q670,Meaning & Communication,Language evolution and lexical development,"The widespread acceptance of terms such as blog, podcast, and selfie best illustrates which characteristic of the English language?","{""Its ability to generate new words to describe cultural innovations"",""Its reliance on foreign borrowings for vocabulary expansion"",""Its decline in grammatical precision over time"",""Its preference for formal, academic registers""}",0,"{""Correct! English grows through creative adaptation to new technologies and experiences. These terms arose from technological and cultural shifts."",""These are newly coined English words, not borrowings from other languages."",""These new words don't indicate grammatical decline—they show lexical innovation and adaptability."",""These terms emerged from informal, popular culture, not formal academic contexts.""}",2,False
Q671,Meaning & Communication,Semantic change and language evolution,Which of the following examples best demonstrates the process of semantic shift in English?,"{""The word tweet changing from a bird sound to an online post"",""The word ballet entering English from French"",""The word run forming the noun runner"",""The word color spelled without the British u""}",0,"{""Correct! 'Tweet' gained a new, technology-driven meaning—semantic change in action. The original meaning remains, but a new sense was added."",""This is borrowing, not semantic shift. The word maintains its original meaning from French."",""This is derivation (morphological word formation), not semantic shift."",""This is spelling variation between dialects, not semantic change.""}",2,False
Q672,Meaning & Communication,Language evolution and social change,The increasing use of gender-neutral pronouns such as they in singular contexts primarily reflects:,"{""a shift in grammatical rules caused by foreign influence."",""resistance to prescriptive grammar and changing social norms."",""a decline in written literacy skills."",""confusion between spoken and written registers.""}",1,"{""This change is driven by social awareness within English, not foreign language influence."",""Correct! Language adapts to evolving social consciousness—English adjusts its grammar to reflect inclusivity and recognition of diverse identities."",""This represents linguistic evolution in response to social needs, not declining literacy."",""Singular 'they' appears in both spoken and written registers; it's a deliberate grammatical adaptation, not confusion.""}",2,False
Q673,Meaning & Communication,Language borrowing and etymology,"The words piano, balcony, and opera entered English as a result of contact with which language?","{""French"",""Italian"",""Spanish"",""German""}",1,"{""While French contributed many words to English, these specific terms are Italian."",""Correct! These are Italian borrowings from the Renaissance era, reflecting Italy's influence on art and music."",""Spanish contributed different vocabulary, particularly related to the Americas."",""German contributed educational and philosophical terms, not these artistic ones.""}",1,False
Q674,Meaning & Communication,Language borrowing and etymology,"The English words cookie, boss, and yacht came into the language primarily through contact with speakers of:","{""Dutch"",""Gaelic"",""Portuguese"",""Norse""}",0,"{""Correct! Dutch traders and settlers contributed many everyday and nautical terms during the seventeenth century."",""Gaelic contributed some place names and cultural terms but not these specific words."",""Portuguese contributed fewer terms to English, mainly related to trade."",""Norse contributed many words but much earlier, during the Viking Age.""}",1,False
Q675,Meaning & Communication,Language borrowing and etymology,"The words canyon, patio, and rodeo were borrowed into English through interaction with:","{""Latin scholars in medieval England"",""Spanish colonists in North America"",""French explorers in Canada"",""Italian merchants in the Mediterranean""}",1,"{""While Latin influenced English scholarly vocabulary, these are modern Spanish borrowings."",""Correct! Spanish influence spread throughout the Americas, leaving lasting imprints on English vocabulary."",""French contributed Canadian terms but not these specifically Spanish words."",""Italian merchants influenced trade vocabulary but not these western American terms.""}",1,False
Q676,Meaning & Communication,Language borrowing and etymology,"The words bungalow, pyjamas, and shampoo came into English through contact with which language?","{""Hindi"",""Greek"",""Swahili"",""Malay""}",0,"{""Correct! These are borrowings from Hindi during British colonial contact with India."",""Greek contributed scientific and philosophical terms, not these domestic words."",""Swahili contributed some words through East African contact but not these specific terms."",""Malay contributed some words but these are specifically from Hindi.""}",1,False
Q677,Meaning & Communication,Language borrowing and etymology,"The words kindergarten, doppelgänger, and waltz entered English as a result of cultural contact with:","{""French artists"",""German speakers"",""Scandinavian traders"",""Celtic poets""}",1,"{""French contributed many cultural terms but not these specifically German words."",""Correct! Germany contributed many educational, philosophical, and cultural terms to English during the nineteenth century."",""Scandinavian languages contributed earlier Norse vocabulary, not these German terms."",""Celtic languages contributed place names and some cultural terms but not these German borrowings.""}",1,False
Q678,Genre & Craft,Misplaced and dangling modifiers,Which of the following sentences contains a misplaced modifier?,"{""While driving to school, the fog made it difficult to see the road."",""To improve her grades, Maria studied every night after dinner."",""Running late, the students rushed to their next class."",""The boy wearing a blue hat waved from across the street.""}",0,"{""Correct! The fog wasn't driving to school; the modifier 'While driving to school' should modify the student, not the fog."",""This correctly places the modifier—Maria is the one improving grades and studying."",""This correctly places the modifier—the students are running late and rushing."",""This correctly places the modifier—the boy is wearing the hat.""}",2,False
Q679,Genre & Craft,Misplaced and dangling modifiers,Select the sentence that correctly places the modifier.,"{""Covered in sauce, the waiter served the pasta to the customer."",""The waiter served the pasta covered in sauce to the customer."",""The waiter covered the pasta in sauce before serving it to the customer."",""Covered in sauce, the customer received the pasta from the waiter.""}",2,"{""This misplaces the modifier—it suggests the waiter was covered in sauce."",""This is ambiguous—it could mean the waiter or pasta is covered in sauce."",""Correct! This version clearly shows that the pasta—not the waiter or the customer—was covered in sauce."",""This misplaces the modifier—it suggests the customer was covered in sauce.""}",2,False
Q680,Genre & Craft,Misplaced and dangling modifiers,Which sentence contains a dangling modifier?,"{""Hoping to earn a promotion, the employee worked late every night."",""Walking to the store, the rain began to fall."",""The teacher handed back the essays written by her students."",""To prepare for the exam, Malik reviewed his notes carefully.""}",1,"{""This correctly places the modifier—the employee is hoping and working."",""Correct! 'Walking to the store' illogically modifies 'the rain.' The implied subject (the walker) is missing."",""This sentence has no dangling modifier—the modifier 'written by her students' correctly describes the essays."",""This correctly places the modifier—Malik is preparing and reviewing.""}",2,False
Q681,Genre & Craft,Misplaced and dangling modifiers,Choose the revision that eliminates the misplaced modifier. Original: She nearly watched the movie for three hours.,"{""She watched the movie for nearly three hours."",""Nearly for three hours, she watched the movie."",""The movie she watched nearly for three hours."",""She watched nearly the movie for three hours.""}",0,"{""Correct! 'Nearly' should modify the time spent, not the act of watching. This placement makes the meaning clear."",""This awkward placement still creates ambiguity about what 'nearly' modifies."",""This version is grammatically awkward and still misplaces 'nearly.'"",""This incorrectly places 'nearly' before 'the movie,' suggesting she almost watched the movie itself.""}",2,False
Q682,Genre & Craft,Misplaced and dangling modifiers,Which of the following best illustrates a correct use of modifiers?,"{""The teacher gave a test to the students that was difficult."",""The teacher gave the students a difficult test."",""The teacher gave a difficult test to the students who complained."",""A test that was difficult the teacher gave to the students.""}",1,"{""This misplaces 'that was difficult'—it could modify 'students' instead of 'test.'"",""Correct! The modifier 'difficult' is placed right before the noun it describes, avoiding ambiguity."",""While grammatical, this changes meaning by adding 'who complained' rather than focusing on modifier placement."",""This awkward word order violates standard English syntax.""}",2,False
Q683,Skills & Processes,Visual literacy and symbolic interpretation,"A photograph shows a large, ornamental mirror hanging on a wall. The mirror's reflection is slightly distorted and shattered by a single, prominent crack that runs through the glass. In the foreground, a single, antique gavel (a judge's hammer) rests on a nearby desk. The visual image is most likely intended to suggest a cause-and-effect relationship between which of the following aspects of contemporary life?","{""The cost of antique restoration and modern interior design."",""The increasing pressure on legal professionals and the pursuit of political office."",""A flawed justice system and the consequent breakdown of public trust."",""The economic disparity between the wealthy and the working class.""}",2,"{""While both are antiques, this interpretation misses the symbolic meaning of the specific objects chosen."",""This interprets individual stress rather than the broader symbolic message about institutional integrity."",""Correct! The gavel symbolizes the law and justice system (the cause). The cracked mirror symbolizes reflection and integrity that is shattered or fractured (the effect: loss of public faith/trust)."",""While gavels can represent authority, the cracked mirror specifically suggests broken reflection/trust, not economic class division.""}",2,False
Q684,Skills & Processes,Visual literacy and symbolic interpretation,"An illustration depicts a recognizable city skyline, half-submerged in water. In the foreground, an oversized, antique pocket watch has melted and warped over a tree branch, with its hands pointing toward a specific, recent year. The visual image is most likely intended to suggest a cause-and-effect relationship between which of the following aspects of contemporary life?","{""Historical shifts in fashion and industrial manufacturing practices."",""The rapid passage of time and the effects of climate change."",""The decline of physical timekeeping devices and the rise of digital technology."",""The growth of maritime trade and the stability of coastal infrastructure.""}",1,"{""The melted watch and submerged city are not related to fashion or manufacturing trends."",""Correct! The melting watch/clock and the specific year suggest time is running out or change is accelerating (cause: time/inaction). The submerged city is the direct result (effect: flooding/climate catastrophe)."",""While the watch is antique, the submersion and melting suggest environmental urgency, not technological obsolescence."",""This misreads the image—the submerged city indicates instability and crisis, not stable infrastructure.""}",2,False
Q685,Skills & Processes,Content-area literacy and instructional strategies,A middle school science teacher assigns students to keep a reading journal while studying a unit on ecology. The most effective instructional purpose of this reading journal is to encourage students to:,"{""Record predictions about what will happen next in the reading."",""Focus on the emotional reactions and opinions the text generates."",""Connect new science vocabulary to familiar terms and summarize key concepts."",""Identify and critique the author's overall writing style and tone.""}",2,"{""While predictions can support engagement, they don't directly address content mastery in informational science texts."",""Emotional reactions are more appropriate for narrative texts; science texts require focus on concepts and vocabulary."",""Correct! This directly addresses content learning (vocabulary, concepts, summarization) and active processing of informational text, making it the most effective use for this instructional goal."",""Style and tone analysis are secondary to understanding ecological concepts and terminology in a science unit.""}",2,False
Q686,Skills & Processes,Metacognition and comprehension monitoring,Which of the following reading journal prompts is most effective for promoting metacognition and deeper understanding of informational text content?,"{""List three facts from the chapter you think are the most interesting."",""If you were the author, what would you title this chapter?"",""What specific sentence or paragraph confused you, and what steps did you take to try and clarify its meaning?"",""Write a short thank-you note to the author for providing this information.""}",2,"{""Listing facts shows recall but doesn't promote reflection on the comprehension process itself."",""Creating titles engages creativity but doesn't address monitoring one's own understanding of content."",""Correct! This prompt forces students to monitor their own comprehension, identify breakdowns in understanding, and reflect on their problem-solving strategies—the core components of metacognition for content learning."",""Thank-you notes are creative but don't develop metacognitive awareness of the reading process.""}",2,False
Q687,Skills & Processes,Assessment of content comprehension through journals,"A high school history teacher uses reading journal entries as part of a formal assessment. To best evaluate students' comprehension and retention of the content (historical events, dates, and causes), the teacher should prioritize journal entries that show the student can:","{""Use figurative language and creative illustrations to represent the reading."",""Reflectively discuss how the historical events made them feel personally."",""Formulate questions that connect the chapter's events to previously learned historical concepts."",""Simply copy five direct quotes from the textbook without commentary.""}",2,"{""Creative illustrations show engagement but don't necessarily demonstrate comprehension of historical content."",""Personal reflection addresses emotional response rather than content mastery and retention."",""Correct! This demonstrates higher-order thinking (analysis and synthesis) by requiring students to integrate new content with prior knowledge, which is a strong indicator of deep content learning and retention."",""Copying quotes without analysis shows only the ability to locate information, not comprehension or retention.""}",2,False
Q688,Skills & Processes,Historical context and literary analysis,"Students in an English class are reading a late nineteenth-century novel in which the unmarried female protagonist chooses not to leave her dependent living situation, despite inheriting money. The students are confused by her decision, arguing that she has the financial means to be independent. Which instructional activity would be most effective for helping students understand the protagonist's reluctance to strike out on her own?","{""Assign a research paper comparing the protagonist's inheritance to modern salary equivalents."",""Discuss contemporary popular songs about seeking freedom and independence."",""Lead a class debate on whether money truly brings happiness and independence."",""Have students analyze excerpts from the historical 'Married Women's Property Acts' to understand the legal and credit restrictions placed on single women seeking to secure housing.""}",3,"{""While understanding the value of money is relevant, it doesn't address the legal and social barriers that prevented independence."",""Contemporary songs about freedom are anachronistic and don't provide historical context for 19th-century constraints."",""A philosophical debate about money and happiness misses the specific historical restrictions the character faced."",""Correct! This activity directly addresses the historical and legal constraints (inability to secure a loan, purchase property, or establish credit without a male relative) that are absent in the students' modern understanding. This primary source analysis is the most effective way to build historical empathy for the character's predicament.""}",2,False
Q689,Literature & Understanding,Theme Analysis,"Identity — ""Names""

They gave me names before I spoke—
Child, student, daughter, friend.
Each name fit once, then cracked with time,
Until I shaped my own again.

Which theme is best reflected in the poem?","{""Identity changes as individuals grow and define themselves."",""Family and community determine who a person becomes."",""Social titles are meaningless labels."",""Childhood is the truest stage of selfhood.""}",0,"{""Correct! The imagery of names 'cracking with time' shows self-definition through personal evolution."",""The poem emphasizes personal agency over external determination."",""The poem acknowledges the significance of names, not their meaninglessness."",""The poem suggests growth beyond childhood, not that childhood is truest.""}",3,False
Q690,Literature & Understanding,Theme Analysis,"Religious Differences — ""Two Altars""

In one small town, two altars stand,
Each built from hope and stone.
The hymns rise up in different tongues,
But reach one God alone.

What message does the poem most clearly convey?","{""Religious devotion requires shared language."",""True worship unites believers despite differences."",""One religion must replace another for peace."",""Separate rituals lead to separate gods.""}",1,"{""The poem emphasizes unity, not the necessity of shared language."",""Correct! Parallel imagery of 'two altars' and 'one God' highlights unity through faith diversity."",""The poem celebrates coexistence, not replacement."",""The poem explicitly states they reach 'one God alone,' contradicting this option.""}",3,False
Q691,Literature & Understanding,Theme Analysis,"Spiritual Enlightenment — ""The Lantern""

I carried lanterns through the night,
Each promised me the way.
Their flames grew dim, their wicks burned out—
Then dawn became my day.

Which interpretation best fits the poem's central theme?","{""Spiritual understanding often appears after false pursuits fade."",""Knowledge is found only through external study."",""Faith depends on tradition and ritual."",""The search for truth leads mostly to disappointment.""}",0,"{""Correct! The extinguished lanterns represent misguided searches; dawn symbolizes internal awakening."",""The poem suggests internal discovery (dawn) rather than external study (lanterns)."",""The poem focuses on personal enlightenment, not tradition."",""The poem ends with enlightenment (dawn), not disappointment.""}",3,False
Q692,Literature & Understanding,Theme Analysis,"Romantic Love — ""After the Storm""

The storm has passed, the branches bend,
The air is sharp and clean.
Your laughter drifts across the yard—
A quiet proof of what love means.

What theme does the imagery in this poem suggest?","{""Love endures through hardship and renewal."",""Nature reflects the destruction caused by love."",""Passion fades when calm returns."",""Love exists only in peaceful moments.""}",0,"{""Correct! The storm symbolizes conflict; the calm and laughter show resilience and restoration."",""The poem shows renewal, not destruction."",""The laughter after the storm shows love continuing, not fading."",""The poem explicitly mentions a storm, showing love exists through challenges.""}",3,False
Q693,Literature & Understanding,Theme Analysis,"Theme: Identity — ""Mirror""

I look into the mirror's face,
But see my mother's eyes.
Her voice still echoes in my thoughts,
Yet now my own replies.

Which statement best expresses the theme of the poem?","{""Family traits shape but do not define personal identity."",""Parents always influence their children's choices."",""People never escape the past."",""Mirrors can reveal hidden truths.""}",0,"{""Correct! The speaker sees resemblance to her mother but also hears her own emerging voice — independence within connection."",""The poem shows influence but also personal agency ('my own replies')."",""The poem shows evolution beyond the past, not entrapment."",""This is too literal; the theme is about identity, not mirrors.""}",3,False
Q694,Literature & Understanding,Theme Analysis,"Theme: Religious Differences — ""Two Doors""

He prays at dawn; I pray at noon.
Our songs rise up the same.
Different doors, the same bright sky—
We call one light by name.

What is the main idea of the poem?","{""Religious differences prevent unity."",""True faith is found through strict ritual."",""People of different faiths can share spiritual connection."",""Worship should occur at the same time for everyone.""}",2,"{""The poem emphasizes unity ('same bright sky'), not division."",""The poem celebrates flexibility in practice, not strict ritual."",""Correct! Both worshippers use different forms but reach toward the same spiritual truth."",""The poem explicitly shows different times (dawn vs. noon) as acceptable.""}",3,False
Q695,Literature & Understanding,Theme Analysis,"Theme: Spiritual Enlightenment — ""The Quiet Answer""

I asked the stars for meaning,
But silence filled the air.
Then, in that hush, my heart replied—
The truth was always there.

Which theme best fits this poem?","{""Enlightenment comes through quiet inner reflection."",""Wisdom is gained only from teachers."",""Life's mysteries are impossible to solve."",""The universe answers all human questions.""}",0,"{""Correct! The speaker finds insight not from the outside world, but from inner awareness."",""The poem emphasizes self-discovery, not external teaching."",""The poem shows answers are found, not that mysteries are impossible to solve."",""The stars are silent; the answer comes from within, not the universe.""}",3,False
Q696,Literature & Understanding,Theme Analysis,"Theme: Romantic Love — ""Hands""

Your hand found mine in crowded streets,
No word, no grand display—
Just quiet proof that love can bloom
In ordinary day.

What central idea is expressed in the poem?","{""True love is dramatic and public."",""Love reveals itself through small, gentle acts."",""Romance must always defy the ordinary."",""Words are the strongest sign of love.""}",1,"{""The poem explicitly rejects grand display, emphasizing quiet gestures."",""Correct! Love is shown through quiet gestures, not spectacle."",""The poem celebrates the ordinary, not defiance of it."",""The poem states 'No word,' showing actions over words.""}",3,False
Q697,Literature & Understanding,Theme Analysis,"Title: The Alchemist (1988)
Author: Paulo Coelho

Santiago, a young shepherd in Spain, keeps dreaming about treasure buried near the Egyptian pyramids. Against everyone's advice, he sells his flock and begins a long, punishing journey across the desert. He's robbed, betrayed, and tested by failure, but he keeps moving forward—guided by faith in his Personal Legend (his unique purpose in life).

Through persistence, he learns that the ""treasure"" he sought wasn't gold, but wisdom and self-knowledge gained from the journey itself.

Which statement best expresses a central theme of The Alchemist?","{""Destiny rewards only those born into privilege."",""Perseverance and faith transform obstacles into opportunities."",""Achieving dreams requires abandoning spiritual belief."",""True success depends solely on external circumstances.""}",1,"{""The text shows Santiago's journey transcends privilege; his wealth is sold and lost."",""Correct! Santiago's relentless pursuit of his dream and his trust in the journey illustrate that perseverance and belief lead to transformation."",""Santiago's spiritual faith guides him throughout; it's central, not abandoned."",""Santiago's transformation comes from internal growth and persistence, not external factors.""}",3,False
Q698,Literature & Understanding,Theme Analysis,"Title: A Raisin in the Sun
Author: Lorraine Hansberry
Theme: The perseverance needed to achieve a personal dream

Walter Lee Younger paces the small apartment, his voice tight with frustration.

""Sometimes it feels like all I do is work for other people's dreams,"" he says.
Ruth watches quietly, weary but determined.
""Then work for your own,"" she answers. ""Just don't forget the rest of us while you're at it.""
He stops. The worn linoleum gleams faintly in the morning light.
""I ain't quitting,"" he says. ""I just want something that's mine.""

In this moment, Walter faces the weight of deferred hope—but he also refuses to surrender it.

Which statement best expresses a central idea of this passage?","{""Family obligations make personal dreams impossible to achieve."",""The determination to rise above hardship gives life its dignity."",""Material wealth is the only true measure of success."",""Conflict within families destroys ambition.""}",1,"{""Ruth encourages Walter to pursue his dreams while maintaining family bonds, not abandon them."",""Correct! Walter's persistence, even amid poverty and frustration, illustrates that dignity and meaning come from perseverance in pursuit of one's dream."",""Walter seeks something meaningful and personal ('mine'), not just material wealth."",""The passage shows Ruth supporting Walter's ambition, not conflict destroying it.""}",3,False
Q699,Genre & Craft,Parallel Structure and Language Conventions,"Many people choose to start the day with healthy routines.
They might go for a brisk walk, prepare a balanced breakfast, and read something uplifting before work.
These habits can boost energy, sharpen focus, and improve mood throughout the morning.
To make these practices most effective, a person should plan ahead, stay consistent, and __________.

Which sentence best maintains the parallel structure of the paragraph?","{""try to keep distractions at a minimum"",""maintaining a positive mindset"",""they will probably feel better all day"",""making sure to get enough rest""}",0,"{""Correct! 'Plan ahead, stay consistent, and try to keep distractions at a minimum' keeps all three verbs in the same base-verb form ('plan,' 'stay,' 'try'). The others break the pattern or shift tense."",""This uses a gerund ('maintaining') which breaks the parallel structure with the base verbs."",""This shifts to a future tense clause and changes the subject, breaking parallelism."",""This uses a gerund ('making sure') which doesn't match the base verb pattern.""}",2,False
Q700,Genre & Craft,Transitions and Cohesiveness,"Many cities are investing in green roofs—gardens planted on top of buildings.
These spaces help insulate structures, reduce stormwater runoff, and provide habitats for birds and insects.
__________, they also offer residents peaceful areas for relaxation and community gardening.

Which transition best maintains the cohesiveness of the excerpt?","{""However"",""For example"",""Moreover"",""On the contrary""}",2,"{""'However' signals contrast, which would contradict the positive benefits already listed."",""'For example' suggests a specific instance, but this sentence adds another benefit, not an example."",""Correct! 'Moreover' adds information in support of the previous idea, linking environmental benefits with social ones."",""'On the contrary' introduces opposition, which doesn't fit the supportive tone.""}",2,False
Q701,Genre & Craft,Transitions and Cohesiveness,"The city recently expanded its public transportation system to reduce traffic congestion.
Ridership has increased significantly, and downtown air quality has improved.
__________, suburban commuters still prefer to drive their own vehicles.

Which transition best completes the excerpt?","{""However"",""For example"",""Moreover"",""In addition""}",0,"{""Correct! 'However' signals contrast — despite improvements, some people continue to drive."",""'For example' would suggest an illustration, not a contrast."",""'Moreover' would add supporting information, not contrast."",""'In addition' would continue the positive trend, not introduce a contrasting fact.""}",2,False
Q702,Genre & Craft,Transitions and Cohesiveness,"Many schools encourage students to participate in community service projects.
These activities help young people develop empathy and responsibility.
__________, students might volunteer at a food bank or assist at a local shelter.

Which transition best completes the excerpt?","{""For example"",""On the contrary"",""Moreover"",""However""}",0,"{""Correct! The third sentence provides a specific illustration of the general idea in the previous one."",""'On the contrary' would contradict the previous statement, which doesn't fit here."",""'Moreover' would add another benefit, but this sentence provides examples, not additional benefits."",""'However' would introduce contrast, which doesn't match the supporting examples given.""}",2,False
Q703,Genre & Craft,Transitions and Cohesiveness,"Exercise improves physical health by strengthening the heart and muscles.
__________, it can also enhance mental well-being by reducing stress and anxiety.

Which transition best completes the excerpt?","{""However"",""For example"",""Moreover"",""On the contrary""}",2,"{""'However' would introduce contrast, but the sentence adds supporting information."",""'For example' would suggest a specific instance, not an additional benefit."",""Correct! 'Moreover' adds a reinforcing benefit to the initial claim."",""'On the contrary' would contradict the first statement, which doesn't fit the supportive tone.""}",2,False
Q704,Genre & Craft,Transitions and Cohesiveness,"Some people believe technology isolates individuals from one another.
__________, many online communities bring people together and foster genuine friendships.

Which transition best completes the excerpt?","{""Moreover"",""On the contrary"",""For example"",""In addition""}",1,"{""'Moreover' would add support to the first idea, but this sentence refutes it."",""Correct! 'On the contrary' directly refutes the idea expressed in the first sentence."",""'For example' would provide an illustration supporting the first sentence, not refuting it."",""'In addition' would continue supporting the first idea, not contradicting it.""}",2,False
Q705,Skills & Processes,Reading Strategies,Annotating a text would be the most effective reading strategy to use for which of the following purposes?,"{""Estimating the time it will take to read an entire chapter."",""Generating an initial list of potential topics for a final research paper."",""Tracking the development of a complex character's motivations throughout a novel."",""Determining the author's primary source material used to write the historical non-fiction book.""}",2,"{""Time estimation requires skimming or scanning, not detailed annotation."",""Topic generation is better served by brainstorming or freewriting, not annotation."",""Correct! Annotating (taking notes directly in the margins, highlighting, and asking questions) is a close reading strategy. It is essential for tracking complex, subtle changes in character, theme, or argument over a long period, which cannot be accomplished through superficial reading."",""Identifying primary sources requires examining citations and references, not annotation of the text itself.""}",2,False
Q706,Skills & Processes,Reading Strategies,Summarizing a lengthy historical document would be the most effective reading strategy to use for which of the following purposes?,"{""Locating specific evidence needed to support a narrow claim in an essay."",""Identifying the main arguments and conclusions to ensure overall comprehension before class discussion."",""Evaluating the syntax and precise word choice used by the author."",""Connecting new terminology to personal prior knowledge and experiences.""}",1,"{""Locating specific evidence requires scanning or close reading, not summarizing."",""Correct! Summarizing is a strategy aimed at distilling the core message by identifying only the main ideas and supporting claims, thus ensuring the student grasps the overall comprehension (gist) of the document without getting lost in the details."",""Evaluating syntax and word choice requires close reading and analysis, not summarizing."",""Connecting terminology to prior knowledge requires elaboration or personal reflection strategies, not summarizing.""}",2,False
Q707,Genre & Craft,Expository Writing,"A student is revising the introduction to an expository essay explaining how to manage test anxiety.
Which of the following versions of the opening sentence would be most appropriate for the essay?","{""Many students hate taking tests because they make people nervous and tired."",""Tests can cause anxiety, but a few simple strategies can make the experience calmer and more productive."",""Test anxiety has always been around and probably always will be."",""Everyone knows tests are stressful, so this paper will talk about that.""}",1,"{""This is too informal and vague, lacking the clear purpose and tone expected in expository writing."",""Correct! It clearly introduces the topic (test anxiety) and sets up an explanatory purpose (offering strategies), matching the expository task."",""This is too general and doesn't establish the essay's purpose or direction."",""This uses informal language ('everyone knows', 'talk about') and doesn't clearly preview the essay's content.""}",2,False
Q708,Genre & Craft,Expository Writing,"A student is writing an expository essay describing how to save money on groceries.
Which of the following topic sentences would be most appropriate for the first paragraph?","{""Groceries are very expensive these days, which is really annoying."",""Shopping for food can take a long time if you are not organized."",""Saving money on groceries is possible when shoppers plan meals, use coupons, and compare prices."",""Everyone has to eat, but not everyone enjoys grocery shopping.""}",2,"{""This is too informal and expresses opinion rather than establishing an expository focus."",""This shifts focus to time management rather than the essay's stated topic of saving money."",""Correct! This topic sentence clearly previews the paragraph's main idea and provides a roadmap of specific strategies (planning, coupons, comparing prices) that align with the expository purpose."",""This is too general and doesn't address the essay's specific focus on saving money.""}",2,False
Q709,Genre & Craft,Organizational Structures,"A student is writing an expository essay explaining how the invention of the printing press influenced literacy rates in Europe.
Which organizational structure would be most effective?","{""Sequential – listing inventions before and after the printing press"",""Cause and Effect – showing how the invention led to rising literacy"",""Problem and Solution – describing the lack of books, then offering printing as the fix"",""Spatial – describing printing shops in various cities""}",1,"{""Sequential structure focuses on chronological order, not the relationship between the invention and its impact."",""Correct! The essay explains how one development (printing press) produced another outcome (rising literacy). Cause and Effect is the most effective structure."",""While this could work, the essay's focus is on influence (cause and effect), not presenting a problem that needs solving."",""Spatial structure organizes by location, which doesn't address the causal relationship the essay explores.""}",2,False
Q710,Genre & Craft,Organizational Structures,"A student plans to describe how water travels through the human body, from ingestion to elimination.
Which structure should the student use?","{""Sequential"",""Problem and Solution"",""Compare and Contrast"",""Cause and Effect""}",0,"{""Correct! The explanation follows a process in time order, making Sequential the most appropriate structure."",""Problem and Solution addresses issues and remedies, not a step-by-step process."",""Compare and Contrast analyzes similarities and differences, which doesn't fit a process description."",""While cause and effect might show relationships, the primary focus is on the sequence of steps.""}",2,False
Q711,Genre & Craft,Organizational Structures,"A student wants to write about air pollution in major U.S. cities and propose ways to reduce it.
Which organizational pattern would best suit this purpose?","{""Spatial – grouping information by location"",""Problem and Solution – describing pollution issues and offering remedies"",""Chronological – explaining pollution through time"",""Cause and Effect – focusing on why pollution exists""}",1,"{""While spatial organization could work for organizing by city, it doesn't address the core purpose of proposing solutions."",""Correct! The task involves presenting an issue (air pollution) and recommending fixes (solutions). Problem and Solution is the best fit."",""Chronological structure focuses on time sequence, not problem-solving."",""Cause and Effect explains why pollution exists but doesn't emphasize the solutions aspect of the essay.""}",2,False
Q712,Genre & Craft,Organizational Structures,"A student is creating an essay comparing the architecture of northern and southern Europe.
Which structure is most effective?","{""Cause and Effect"",""Problem and Solution"",""Compare and Contrast"",""Sequential""}",2,"{""Cause and Effect shows relationships between events, not similarities and differences."",""Problem and Solution addresses issues and remedies, not comparative analysis."",""Correct! The essay centers on analyzing similarities and differences between two subjects (northern and southern European architecture)."",""Sequential structure follows chronological or step-by-step order, not comparison.""}",2,False
Q713,Meaning & Communication,Word Relationships - Cognates,Which pair of words are true cognates?,"{""Library / librería"",""Animal / animal"",""Rope / ropa"",""Actual / actualmente""}",1,"{""False cognate. Library (English) means a place for books, but librería (Spanish) means bookstore."",""Correct! They share both meaning and origin (Latin animalis). Both mean the same thing in English and Spanish."",""False cognate. Rope (English) means cord, but ropa (Spanish) means clothing."",""False cognate. Actual (English) means real/current, but actualmente (Spanish) means currently/nowadays.""}",2,False
Q714,Meaning & Communication,Word Relationships - Cognates,"A teacher explains that attention (English) and atención (Spanish) have the same Latin root.
What skill is the teacher promoting?","{""Morphological awareness"",""Syntax development"",""Cognate recognition"",""Phonemic segmentation""}",2,"{""Morphological awareness involves understanding word parts (prefixes, suffixes, roots), not cross-language connections."",""Syntax development focuses on sentence structure, not vocabulary relationships."",""Correct! The teacher is helping students recognize cognates—words that share origins and meanings across languages."",""Phonemic segmentation involves breaking words into individual sounds, not recognizing cross-language word relationships.""}",2,False
Q715,Meaning & Communication,Word Relationships - Cognates,"An English learner confuses sensible (English) with sensible (Spanish) meaning 'sensitive.'
This confusion illustrates which concept?","{""Homophone interference"",""False cognates"",""Semantic drift"",""Syntax transfer""}",1,"{""Homophones are words that sound the same but have different meanings within one language, not across languages."",""Correct! False cognates are words that look similar in two languages but have different meanings. Sensible (English) means reasonable, while sensible (Spanish) means sensitive."",""Semantic drift refers to how word meanings change over time within a language, not cross-language confusion."",""Syntax transfer involves applying sentence structure rules from one language to another, not vocabulary confusion.""}",2,False
Q716,Meaning & Communication,Language Evolution and Archaic Words,Which of the following best defines an archaic English word?,"{""A slang term newly added to the dictionary"",""A word that has fallen out of common use but appears in older texts"",""A word used mainly in technology fields"",""A misspelled modern word""}",1,"{""Slang terms are contemporary, not archaic. Archaic words are from the past."",""Correct! Archaic words are those that were once common but are no longer in everyday use, like thee, thou, and wherefore."",""Technical terms are specialized modern vocabulary, not archaic words."",""Archaic words are legitimate historical terms, not spelling errors.""}",2,False
Q717,Meaning & Communication,Language Evolution and Phonetic Spelling,Which example shows a phonetic spelling of an archaic English word?,"{""Knight → nite"",""Thou → you"",""Ye olde shoppe → shop"",""Brunch → breakfast + lunch""}",0,"{""Correct! 'Nite' represents a phonetic modernization of 'knight' — same sound, modernized spelling form."",""This is word replacement/evolution, not phonetic spelling of the same word."",""This is a stylized archaic spelling, not a phonetic modernization."",""This is a blend/portmanteau, not phonetic spelling of an archaic word.""}",2,False
Q718,Meaning & Communication,Language Evolution and New Words,Which factor most increases the likelihood that a new word will enter Standard American English?,"{""It expresses a widely needed concept or object"",""It is used only by teenagers online"",""It has complicated spelling and no clear meaning"",""It originates as a private joke on TV""}",0,"{""Correct! Words that fill communication needs (like brunch, smog, podcast) are most likely to be adopted into standard usage."",""Limited demographic use reduces the likelihood of mainstream adoption."",""Complexity and unclear meaning hinder adoption, not help it."",""Limited context and audience reduce the chances of widespread acceptance.""}",2,False
Q719,Literature & Understanding,Cultural and Social Contexts,"A small group within a larger society that shares common values, behaviors, or language patterns is known as a:","{""ethnic group"",""speech community"",""microculture"",""acculturated group""}",2,"{""Ethnic groups are connected by shared ancestry and heritage, not necessarily small subgroups."",""Speech communities share language and communication rules, but may not be small groups within a larger society."",""Correct! A microculture is any small social group—such as bilingual students—bound by shared traits within a dominant culture."",""Acculturated groups adopt traits from dominant culture while maintaining their own identity, not necessarily small subgroups.""}",2,False
Q720,Literature & Understanding,Cultural and Social Contexts,"A group of people connected by shared ancestry, history, or cultural heritage is referred to as a:","{""ethnic group"",""microculture"",""acculturated group"",""speech community""}",0,"{""Correct! An ethnic group is defined by shared ancestry, history, and cultural heritage."",""Microculture refers to small subgroups within a larger society, not necessarily based on ancestry."",""Acculturated groups adopt traits from another culture while maintaining their own, not primarily defined by ancestry."",""Speech communities are defined by shared language use, not ancestry or heritage.""}",2,False
Q721,Literature & Understanding,Cultural and Social Contexts,Individuals who share a common language and rules for its use within a broader society are known as a:,"{""microculture"",""speech community"",""acculturated group"",""ethnic group""}",1,"{""Microculture refers to small groups with shared values/behaviors, not specifically language-based."",""Correct! A speech community is defined by shared language and linguistic norms within a broader society."",""Acculturated groups adopt cultural traits, not necessarily defined by shared language rules."",""Ethnic groups are defined by ancestry and heritage, not specifically by shared language use.""}",2,False
Q722,Literature & Understanding,Cultural and Social Contexts,"When a group adopts traits from a dominant culture while maintaining aspects of its own identity, it is considered an:","{""ethnic group"",""speech community"",""acculturated group"",""microculture""}",2,"{""Ethnic groups are defined by shared heritage, not necessarily by cultural adaptation."",""Speech communities are defined by shared language use, not cultural adaptation."",""Correct! An acculturated group adopts traits from a dominant culture while maintaining aspects of its own identity. This involves cultural adaptation without complete assimilation."",""Microculture refers to small subgroups within a larger society, not specifically about cultural adaptation.""}",2,False
Q723,Literature & Understanding,Contrastive Intonation and Stress,"Use the sentence fragment below to answer the question that follows.

I didn't finish grading the essays, but I certainly can _______.","{""throw them away and start over"",""finish them tomorrow morning"",""ask a student to grade for me"",""tell the class I'm done anyway""}",1,"{""This doesn't solve the original task and abandons the goal."",""Correct! The stress on 'can' signals capability after limitation — can't finish now, but can soon."",""This avoids the responsibility rather than addressing the capability."",""This is dishonest and doesn't reflect the 'can' capability being emphasized.""}",2,False
Q724,Literature & Understanding,Contrastive Intonation and Stress,"Use the sentence fragment below to answer the question that follows.

I couldn't join the meeting in person, but I certainly can _______.","{""write the minutes afterward"",""log in remotely to participate"",""skip the meeting next week"",""apologize to the organizer""}",1,"{""This is a different task, not maintaining the goal of participation."",""Correct! Keeps the same goal (participation) while solving the limitation."",""This abandons the goal rather than finding an alternative."",""This doesn't solve the participation problem.""}",2,False
Q725,Literature & Understanding,Contrastive Intonation and Stress,"Use the sentence fragment below to answer the question that follows.

I didn't bring lunch today, but I certainly can _______.","{""grab something from the cafeteria"",""skip lunch altogether"",""borrow someone's meal"",""wait until dinner""}",0,"{""Correct! The contrastive intonation highlights a quick, realistic solution."",""This avoids solving the problem rather than addressing it."",""This is unrealistic and doesn't reflect self-efficacy."",""This delays rather than solves the immediate need.""}",2,False
Q726,Literature & Understanding,Contrastive Intonation and Stress,"Use the sentence fragment below to answer the question that follows.

I can't afford a new car right now, but I certainly can _______.","{""complain about gas prices"",""save up and budget each month"",""ignore my old car's problems"",""borrow a luxury car for fun""}",1,"{""Complaining doesn't solve the affordability issue."",""Correct! Fits the 'can't X but can Y to fix X' rhythm of confident contrast."",""Ignoring problems doesn't address the capability being emphasized."",""This is unrealistic and doesn't work toward the goal.""}",2,False
Q727,Literature & Understanding,Contrastive Intonation and Stress,"Use the sentence fragment below to answer the question that follows.

I didn't understand the lesson at first, but I certainly can _______.","{""review the notes and ask questions"",""pretend I already knew it"",""complain about the teacher"",""drop the class altogether""}",0,"{""Correct! The falling intonation after 'can' emphasizes self-efficacy — a positive alternative action."",""This avoids addressing the understanding gap."",""This doesn't solve the comprehension issue."",""This abandons the learning goal rather than pursuing it.""}",2,False
Q728,Skills & Processes,Identifying Learning Goals,A teacher asks students to compare how two poets develop the theme of resilience across different historical contexts. Which learning goal is MOST appropriate?,"{""Students will examine how figurative language contributes to tone in each poem."",""Students will determine how authors convey thematic ideas and evaluate similarities or differences in development across texts."",""Students will identify structural elements such as stanzas and line breaks."",""Students will analyze how point of view shapes each poem's narrative perspective.""}",1,"{""Too narrow—focuses only on figurative language, not theme development."",""Correct! This goal directly addresses comparing thematic development across texts."",""Structural analysis doesn't address thematic comparison."",""Point of view analysis is not the same as theme comparison.""}",3,True
Q729,Skills & Processes,Diagnosing Misconceptions,A student states that the theme of a story is 'dogs and cats fighting.' What misconception is the teacher seeing?,"{""Confusing plot details with thematic inference"",""Assuming theme must be explicitly stated by the narrator"",""Misidentifying figurative language as literal events"",""Confusing genre conventions with character conflict""}",0,"{""Correct! The student is describing plot events rather than the underlying theme or message."",""This would apply if the student looked for a statement, but they're describing events."",""There's no evidence of figurative language confusion here."",""The issue is plot vs. theme, not genre conventions.""}",2,True
Q730,Skills & Processes,Instructional Strategies,"To strengthen students' ability to evaluate the effectiveness of an author's argument, the teacher should prioritize:","{""Guiding students through paragraph-by-paragraph summaries to ensure baseline comprehension"",""Having students locate the author's main claims and assess the strength, relevance, and sufficiency of supporting evidence"",""Analyzing the author's syntactic choices to determine how structure influences engagement"",""Identifying rhetorical devices and categorizing each according to purpose""}",1,"{""Summarizing builds comprehension but doesn't evaluate argument effectiveness."",""Correct! This directly addresses evaluating argument quality through evidence assessment."",""Syntax analysis doesn't address argument evaluation."",""Identifying devices doesn't evaluate argument effectiveness—tempting but wrong!""}",4,True
Q731,Skills & Processes,Supporting English Learners,"To support English learners in analyzing figurative language, the MOST effective scaffolding is:","{""Pre-teaching figurative language definitions before reading"",""Offering bilingual glossaries for unfamiliar vocabulary"",""Providing visual anchors that represent the meaning behind metaphors and similes"",""Asking students to identify figurative language independently before discussing meaning""}",2,"{""Definitions help but don't provide concrete understanding of abstract concepts."",""Glossaries support vocabulary but not figurative interpretation."",""Correct! Visual anchors make abstract figurative meanings concrete and accessible."",""Independent work without support doesn't provide scaffolding.""}",3,True
Q732,Skills & Processes,Addressing Struggling Readers,A student reads fluently but cannot articulate deeper meaning. What should the teacher do NEXT?,"{""Provide alternative texts at a simpler complexity level"",""Model comprehension-monitoring strategies such as self-questioning and think-alouds"",""Assign additional independent reading minutes"",""Introduce a vocabulary intervention to build background knowledge""}",1,"{""The issue isn't text complexity—the student reads fluently."",""Correct! Modeling metacognitive strategies helps students monitor and deepen comprehension."",""More reading won't help if the student lacks comprehension strategies."",""Vocabulary isn't the core issue if fluency is strong.""}",3,True
Q733,Skills & Processes,Teaching Text Structure,"To help students recognize cause-and-effect in nonfiction, the MOST effective strategy is:","{""Engaging students in identifying signal words ('therefore,' 'as a result') within complex sentences"",""Asking students to rewrite paragraphs in chronological order"",""Having students label main ideas and key details"",""Teaching students to annotate claims and counterclaims""}",0,"{""Correct! Signal words directly cue cause-and-effect relationships."",""Chronological order is about sequence, not cause-and-effect."",""Main ideas don't specifically target cause-and-effect structure."",""Claims and counterclaims relate to argument structure, not cause-and-effect.""}",2,True
Q734,Skills & Processes,Writing Instruction,A teacher wants students to strengthen argumentative writing. Which approach is MOST effective?,"{""Providing sentence frames to support struggling writers"",""Analyzing exemplar texts that demonstrate logical progression and evidence-based reasoning"",""Increasing the length requirements for each essay"",""Beginning with narrative writing to build general fluency""}",1,"{""Sentence frames support structure but don't teach argument quality."",""Correct! Analyzing exemplars helps students understand effective argument construction."",""Length doesn't improve argument quality."",""Narrative writing develops different skills than argumentation.""}",3,True
Q735,Skills & Processes,Formative Assessment,Which action BEST reflects effective formative assessment?,"{""Returning graded essays midway through a unit to help students track progress"",""Giving students an ungraded diagnostic at the start of the semester"",""Using daily exit tickets to adjust the next day's lesson"",""Having students complete self-assessments at the end of a major project""}",2,"{""Graded essays are summative; formative should inform instruction immediately."",""Initial diagnostics are useful but not ongoing formative practice."",""Correct! Daily exit tickets inform immediate instructional adjustments—true formative assessment."",""End-of-project self-assessments come too late to inform instruction.""}",3,True
Q736,Skills & Processes,Differentiated Instruction,A class includes readers at widely different proficiency levels. What strategy MOST ensures equitable access to a shared text?,"{""Assigning leveled texts that align to each student's reading level"",""Providing an audio version or teacher read-aloud to support comprehension"",""Offering shorter excerpts to lower-performing students"",""Replacing complex texts with summaries to build confidence""}",1,"{""Leveled texts separate students rather than providing shared access."",""Correct! Audio support maintains shared text while scaffolding comprehension."",""Shorter excerpts limit access rather than support full engagement."",""Summaries deny access to the original text's complexity.""}",3,True
Q737,Skills & Processes,Student-Centered Discussion,"To increase depth in student discussions, the MOST effective teacher move is:","{""Providing discipline-specific discussion stems that prompt analysis and evaluation"",""Asking exclusively open-ended questions to increase student talk"",""Allowing students to choose their own discussion topics each day"",""Having students write responses before discussion to reduce off-task behavior""}",0,"{""Correct! Discussion stems guide students toward higher-order thinking and deep analysis."",""Open-ended questions alone don't guarantee depth without structure."",""Choice doesn't ensure depth—structure and scaffolds do."",""Pre-writing helps but doesn't structure depth during discussion.""}",3,True
Q738,Skills & Processes,Teaching Literary Elements,A teacher wants students to understand how point of view shapes meaning. Which strategy is MOST effective?,"{""Having students rewrite a critical scene from a contrasting character's perspective"",""Having students identify which characters appear most often"",""Asking students to track mood shifts across the text"",""Teaching students to analyze sentence length and syntax for tone""}",0,"{""Correct! Rewriting from another perspective directly illustrates how point of view shapes meaning."",""Character frequency doesn't address perspective's effect on meaning."",""Mood tracking doesn't directly target point of view."",""Syntax analysis is about style, not point of view's impact.""}",2,True
Q739,Skills & Processes,Vocabulary Instruction,Which practice MOST effectively builds durable vocabulary knowledge?,"{""Memorizing lists followed by matching quizzes"",""Copying dictionary entries for unfamiliar words"",""Embedding new vocabulary into authentic writing and discussion tasks"",""Using online flashcards for spaced repetition""}",2,"{""Memorization builds short-term recall, not deep understanding."",""Copying definitions is passive and doesn't build usage skills."",""Correct! Authentic application in writing and discussion deepens vocabulary knowledge."",""Flashcards help retention but lack authentic application context.""}",3,True
Q740,Skills & Processes,Scaffolding Complex Texts,"To support students with a challenging informational article, the teacher should:","{""Provide guiding questions aligned to section-level comprehension demands"",""Assign the reading as homework to increase uninterrupted focus time"",""Chunk the text by removing dense paragraphs"",""Begin with vocabulary instruction only, delaying the reading""}",0,"{""Correct! Guiding questions scaffold comprehension while maintaining text integrity."",""Homework without support doesn't scaffold—students may struggle alone."",""Removing content reduces complexity rather than scaffolding it."",""Delaying reading limits engagement with the full text.""}",3,True
Q741,Skills & Processes,Writing Feedback,Which feedback will MOST improve the student's revision?,"{""You need to clarify your thesis sooner."",""Your ideas are strong, but your organization needs work."",""Enhance paragraph 3 by adding evidence that directly supports your claim about the author's tone."",""This writing is vague; try again.""}",2,"{""Too vague—doesn't specify how to clarify or where."",""General praise and critique without actionable steps."",""Correct! Specific, actionable feedback that identifies location and improvement needed."",""No guidance for revision—unhelpful and discouraging.""}",2,True
Q742,Skills & Processes,Assessment Alignment,An assessment asks students to compare rhetorical strategies across two speeches. Which learning goal aligns BEST?,"{""Students will identify each speech's main ideas."",""Students will categorize rhetorical devices within each speech."",""Students will analyze how authors use rhetorical choices to persuade in multiple texts."",""Students will summarize similarities and differences in speaker backgrounds.""}",2,"{""Identifying main ideas doesn't address comparing rhetorical strategies."",""Categorizing devices alone doesn't require comparison or analysis of persuasion."",""Correct! This goal matches the assessment's focus on comparing rhetorical analysis."",""Speaker backgrounds don't align with rhetorical strategy comparison.""}",3,True
Q743,Skills & Processes,Addressing Bias in Texts,"To help students identify bias in persuasive writing, the MOST effective instructional move is:","{""Teaching students to summarize arguments before analyzing tone"",""Asking students to evaluate how emotionally charged language influences the reader"",""Having students identify all adjectives in the passage"",""Using peer review to compare students' interpretations""}",1,"{""Summarizing doesn't directly address bias identification."",""Correct! Evaluating emotionally charged language directly reveals bias and persuasive intent."",""Identifying adjectives doesn't teach bias analysis."",""Peer review is useful but doesn't directly teach bias identification.""}",3,True
Q744,Skills & Processes,Supporting Struggling Writers,A student struggles to organize paragraphs coherently. The MOST effective support is:,"{""Reducing the paragraph requirement to avoid cognitive overload"",""Using a graphic organizer that visually models logical sequencing"",""Encouraging students to draft more quickly without overthinking"",""Increasing grammar instruction to support clarity""}",1,"{""Reducing requirements doesn't teach organization skills."",""Correct! Graphic organizers provide visual scaffolding for logical structure."",""Speed doesn't improve organization—structure does."",""Grammar doesn't address paragraph-level organization.""}",2,True
Q745,Skills & Processes,Teaching Theme,Which instructional practice MOST effectively develops theme analysis?,"{""Asking students to list the text's major events"",""Tracking how a central idea evolves across key interactions and conflicts"",""Having students choose a theme from a teacher-generated list"",""Asking students to identify the character with the most dialogue""}",1,"{""Listing events focuses on plot, not theme."",""Correct! Tracking theme evolution across the text develops deep thematic analysis."",""Choosing from a list doesn't develop analysis skills."",""Character dialogue frequency doesn't relate to theme.""}",3,True
Q746,Skills & Processes,Argument Evaluation,"To help students judge the validity of an argument, the teacher should:","{""Have students annotate rhetorical devices that build tone"",""Focus discussion on emotional impact rather than logical structure"",""Teach students to distinguish between sound reasoning and flawed reasoning"",""Model paraphrasing each paragraph to check for understanding""}",2,"{""Tone analysis doesn't address argument validity."",""Emotional impact doesn't determine validity—logic does."",""Correct! Distinguishing sound from flawed reasoning is central to evaluating argument validity."",""Paraphrasing checks comprehension but not argument quality.""}",3,True
Q747,Skills & Processes,Selecting Complex Texts,"When choosing a complex text for instruction, the teacher should prioritize:","{""The text's quantitative readability score above all other metrics"",""The teacher's level of enthusiasm for the text"",""Alignment between the text's complexity features and the instructional purpose"",""Student preference data gathered from surveys""}",2,"{""Quantitative scores matter but shouldn't override instructional alignment."",""Teacher enthusiasm is valuable but not the primary criterion."",""Correct! Text selection should align complexity with instructional goals."",""Student preference matters but doesn't ensure instructional effectiveness.""}",3,True
